aq_id,IGRAC_Code,AquiferName,CountryName,CountryCode,Region,lat_c,lon_c,RDS_mainDist,CSI,G_CSI,NearRiverBorder,Irrig,GWIrrig,IrrigNeed,Overdraft,OverIR6,G_Irrig,G_IrrigGW,gini_gwpct_gt0
208,C001,Soconusco-Suchiate / Coatán,Guatemala,GTM,AMER,14.980629022674,-92.0272810650868,0.00146277122616417,8718.89367747286,0.114769189527342,TRUE,0.000498415769934594,0,0.00872329469203972,0.000205988746436979,0,-0.490289032024771,NA,-0.490289032024771
208,C001,Soconusco-Suchiate / Coatán,Mexico,MEX,AMER,14.9718972046853,-92.3370952376125,0.115854511137955,7612.63851358274,-0.000424225710845327,TRUE,0.00629296234251957,0.00290475997855143,0.0618353563035031,0.00414308424472003,0,-0.0880113921975016,0.67976423780382,-0.0880113921975016
207,C002,Chicomuselo-Cuilco / Selegua,Guatemala,GTM,AMER,15.3328335961545,-91.7937656011791,0,7953.89679198377,0.0890984121059509,TRUE,0,0,8.09639802270602e-05,0,0,0.305172300025132,NA,0.336527325437202
207,C002,Chicomuselo-Cuilco / Selegua,Mexico,MEX,AMER,15.6543538895159,-92.3300491230929,0.234705997314363,4960.0423139637,0.068176825640462,TRUE,0.000937316289881933,0,0.00686438120145198,0.000937316289881933,0,-0.502457425852513,NA,-0.502457425852513
206,C003,Ocosingo-Usumacinta-Pocóm-Ixcán,Guatemala,GTM,AMER,16.3266084888598,-91.0862748793346,29.0790195033251,7254.84751721272,0.571830789927578,TRUE,0,0,5.1565070087942e-07,0,0,NA,NA,NA
206,C003,Ocosingo-Usumacinta-Pocóm-Ixcán,Mexico,MEX,AMER,16.6505949986772,-91.4725578151227,8.72386461087116,6930.28468200307,-0.699487910483628,TRUE,0,0,0,0,0,-0.824999107002707,NA,-0.861263840220613
205,C004,Márquez de Comillas-Chixoy / Xaclbal,Guatemala,GTM,AMER,15.5056716907571,-90.7853261647084,4.70079761465381,7982.39506621935,0.56479805987024,TRUE,2.28079103769564e-05,0,0.000304148206576595,0,0,0.793978067491688,NA,0.865245184434761
205,C004,Márquez de Comillas-Chixoy / Xaclbal,Mexico,MEX,AMER,16.2646029053081,-90.6461663575213,1.95924591281302,9979.21290936305,-0.0182210266202805,TRUE,0,0,0,0,0,NA,NA,NA
288,C005,Boca del Cerro-San Pedro,Guatemala,GTM,AMER,17.3461959735053,-90.3242914172985,20.0589330749691,7054.28004906147,0.461337111355675,TRUE,0,0,1.12422829127786e-06,0,0,NA,NA,NA
288,C005,Boca del Cerro-San Pedro,Mexico,MEX,AMER,17.7871580993898,-90.6825903118426,14.2129434589523,3150.67801342662,0.643122628023969,TRUE,0,0,0,0,0,0.219669227666183,-0.564168881870203,0.219669227666183
204,C006,Trinitaria-Nentón,Guatemala,GTM,AMER,15.7539027405431,-91.6803916693226,0,6766.85725502236,-0.170696868183536,FALSE,8.68646421222972e-05,0,0.00246757675625319,0,0,-0.882374955766964,NA,NA
204,C006,Trinitaria-Nentón,Mexico,MEX,AMER,16.1802520934941,-92.251345226047,0,6986.06499197914,-0.879742630660298,FALSE,0.033749847549346,0,0.0716418477838595,0.0336842940958222,0,-0.0388270510433992,NA,-0.061237727658946
365,C007,Península de Yucatán-Candelaria-Hondo,Belize,BLZ,AMER,17.8536986791151,-88.8805750105973,0,8311.05874073251,0.21303473464102,TRUE,0.000784488567033974,0.000767528767436966,0.00577864606994028,0.000636182986276287,0,-0.775572641899332,-0.755491284778664,-0.755491284778664
365,C007,Península de Yucatán-Candelaria-Hondo,Guatemala,GTM,AMER,17.5730214167664,-89.4712014894409,14.4073801209325,8525.01232195827,-0.58905287880322,TRUE,0,0,0,0,0,NA,NA,NA
365,C007,Península de Yucatán-Candelaria-Hondo,Mexico,MEX,AMER,19.6361062454226,-89.2712076141065,13.3611097863327,4278.91712847754,-0.953003279049239,TRUE,0.00018662531411065,0.000152110951505046,0.000764928797154851,0.000153602282956924,0,0.0233950288118432,0.102802362376799,0.0485812730374929
362,C008,Mopán-Belice,Belize,BLZ,AMER,17.0449035535797,-88.9659306844538,0.178649331468216,8421.13245920318,0.0122434751440818,TRUE,0,0,0,0,0,NA,NA,NA
362,C008,Mopán-Belice,Guatemala,GTM,AMER,16.9774063989065,-89.3898481710115,7.9092940475344,8202.92714231091,-0.785438439250157,TRUE,0,0,0,0,0,NA,NA,NA
361,C009,Pusila-Moho,Belize,BLZ,AMER,16.1989345741288,-89.0592042694851,0.568837072767554,9695.90970945887,0.3588017742505,FALSE,0,0,0,0,0,NA,NA,NA
361,C009,Pusila-Moho,Guatemala,GTM,AMER,16.1431736421063,-89.3066171301276,2.94166847496729,9487.3603776841,0.149936329497959,FALSE,0,0,0,0,0,NA,NA,NA
364,C010,Sarstún,Belize,BLZ,AMER,15.9336887420153,-89.0951308685999,0,7797.87097342328,0.901776244783808,FALSE,0,0,0,0,0,-0.207282052855398,NA,-0.207282052855398
364,C010,Sarstún,Guatemala,GTM,AMER,15.8063363482445,-89.4211516975559,2.5281953772009,9155.76914381643,-0.0667751284226741,FALSE,0,0,0,0,0,-0.269418242633369,NA,-0.269418242633369
363,C011,Temash,Belize,BLZ,AMER,16.0234734765424,-89.0749119007923,0,9090.90819592322,-0.299837398444795,FALSE,0,0,0,0,0,NA,NA,NA
363,C011,Temash,Guatemala,GTM,AMER,16.0161442571899,-89.2699966500802,0.36869333749119,9992.58330884514,0.949290662586687,FALSE,0,0,0,0,0,NA,NA,NA
57,C012,Delta del Río Motagua,Guatemala,GTM,AMER,15.0193608621275,-89.8332595083028,1.24032864967323,8920.80281541755,-0.671344414155007,TRUE,0.000397407520082063,3.36121581927861e-08,0.00818312118901225,0.000266805025751627,0,-0.290609631696438,-0.251374922528995,-0.349862796031954
57,C012,Delta del Río Motagua,Honduras,HND,AMER,15.3722822968807,-88.6751437228188,11.2112674375676,8423.56987847223,0.998474761527715,TRUE,0,0,0,0,0,-0.401305770967825,NA,NA
217,C013,Chiquimula - Copán Ruinas,Guatemala,GTM,AMER,14.7564258672408,-89.468885291393,0,7844.20248939699,0.801573972597019,TRUE,0.000850228057511739,0,0.0132439381505096,0.000841309970759834,0,0.306077783123307,-0.0696224987349336,0.256845259645537
217,C013,Chiquimula - Copán Ruinas,Honduras,HND,AMER,14.7854675470741,-89.184382379215,0,5296.6069480333,1,TRUE,0,0,0,0,0,NA,NA,NA
357,C014,Ocotepeque-Citala,Honduras,HND,AMER,14.4412708044065,-89.2033322569273,0,7781.88212684177,0.813511843759295,TRUE,0,0,0.00264295357582013,0,0,NA,NA,NA
357,C014,Ocotepeque-Citala,El Salvador,SLV,AMER,14.3584353266996,-89.1978971684369,0,7778,0.582862601597173,TRUE,0,0,0.000324974033584748,0,0,NA,NA,NA
294,C015,Ostua-Metapán,Guatemala,GTM,AMER,14.4185073171666,-89.7271640154367,0,9575.9576489068,-0.289710577941061,TRUE,0.000541380620753621,1.43912319923366e-05,0.010614940669262,0,0,-0.0550386630798787,0.256532291421918,-0.118823949678778
294,C015,Ostua-Metapán,El Salvador,SLV,AMER,14.250715164015,-89.5110758875465,0,9399.9252883805,0.484378264805228,TRUE,0,0,0.00644722082266487,0,0,0.330874772644219,NA,-0.646454018091021
293,C016,Río Paz,Guatemala,GTM,AMER,14.0960433248681,-89.9925324974501,0,9824.02382978927,0.635246552808783,TRUE,0,0,0.00867355713134623,0,0,-0.2114165194485,NA,-0.2114165194485
293,C016,Río Paz,El Salvador,SLV,AMER,13.9498263928854,-89.7933611644181,0,9747.79464699577,-0.403253594126844,TRUE,0.000781300021653808,0.000781300021653808,0.0327485468427189,0,0,-0.214294028216582,-0.22606085760693,-0.207622013120686
215,C017,Estero Real-Río Negro,Honduras,HND,AMER,13.0951108088342,-87.141545712536,0.122355173915347,9231.97701970106,0.279728978596519,TRUE,0.00476139958532888,4.76489855616095e-05,0.0419232483947658,0.00351820607391071,0,0.629189194941998,-0.643002363063228,0.582913397680742
215,C017,Estero Real-Río Negro,Nicaragua,NIC,AMER,13.0268454055853,-86.7859665573746,2.3732289226301,9269.06867560263,0.316646089848639,TRUE,0.000370362282126608,0.000370362282126608,0.00903836323465842,0,0,-0.000662073745594682,-0.000662073745594682,-0.000662073745594682
219,C018,Sixaola / Salinas Aquifer,Costa Rica,CRI,AMER,9.55609031030078,-82.6617394628741,0,9706.7652404606,0.966099599918967,TRUE,0,0,0,0,0,NA,NA,NA
219,C018,Sixaola / Salinas Aquifer,Panama,PAN,AMER,9.46893889207731,-82.5970837718215,0.274023715327306,7449.45243445694,0.972991911367082,TRUE,0,0,0,0,0,NA,NA,NA
209,CB001,Plaine du Nord?Massacre,Dominican Republic,DOM,AMER,19.478121126194,-71.6560557771049,0,8777.43683473096,0.677196808187505,TRUE,0.00522861157140195,0,0.0627000428676311,0.00522861157140195,0,-0.194000987372613,NA,-0.194000987372613
209,CB001,Plaine du Nord?Massacre,Haiti,HTI,AMER,19.6080681864977,-71.9899573199503,0,8209.19616619762,0.582814291143583,TRUE,0.00075270365032178,0,0.00732543366205404,0.000444733561911478,0,-0.164714869191023,NA,-0.164714869191023
212,CB002,Artibonito,Dominican Republic,DOM,AMER,18.9635355246771,-71.5785604021973,4.77552380445161,9957.21486310623,0.414490616904678,TRUE,0.00412759811244629,0,0.0202464612869208,0.00128425033459644,0,0.229470138414593,NA,0.234674990112808
212,CB002,Artibonito,Haiti,HTI,AMER,19.0839839587772,-72.1110566429525,0,9511.05344236687,0.138553814305906,TRUE,0.00734025778669342,0,0.0286648809740922,0,0,0.731363784412597,NA,0.769548124987542
210,CB003,Los Lagos,Dominican Republic,DOM,AMER,18.4000447181686,-71.5389475446212,4.30162930726745,9164.39253978159,0.309906070938607,TRUE,0.00322912715164602,0,0.0154013649495412,0.00252206799299446,0.00252206799299446,-0.0536179388081675,NA,-0.0536179388081675
210,CB003,Los Lagos,Haiti,HTI,AMER,18.4483137858877,-71.8546771851245,0,9234.3971231456,0.961671199703715,TRUE,0,0,0.00121383351634741,0,0,-0.93393502955147,NA,-0.93393502955147
211,CB004,Pedernales,Dominican Republic,DOM,AMER,18.1810181177113,-71.7151645215946,0.843427151114969,10000,0.94903758284184,FALSE,2.40299951267833e-05,0,0.00103702616319117,0,0,0.122601825936032,NA,0.0967358601010855
211,CB004,Pedernales,Haiti,HTI,AMER,18.1349148399313,-71.7610180991341,0,10000,0.96201940282977,FALSE,0,0,0.00225946641842421,0,0,NA,NA,NA
397,N001,Abbotsford-Sumas,Canada,CAN,AMER,49.0317673511987,-122.289123562407,0,7003.32478247825,0.963146266565632,FALSE,0.048786671463972,0.0375289885646576,0.00727595832377782,0,0,-0.274317419188307,-0.472738264880839,-0.274317419188307
397,N001,Abbotsford-Sumas,United States,USA,AMER,48.9623415563755,-122.39828549695,0,5804.41412911084,0.529676398832121,FALSE,0.039630199065523,0.039630199065523,0.213475441858807,0,0,-0.126588988792439,-0.126588988792439,-0.126588988792439
406,N002,Okanagan-Osoyoos,Canada,CAN,AMER,49.7894951046961,-119.513206359931,38.5496185173117,5498.90334373733,-0.597021222546693,FALSE,0.00130205447853168,0,0.00482228726328899,0,0,0.0395349129501226,NA,0.0106024190084756
406,N002,Okanagan-Osoyoos,United States,USA,AMER,48.9269069791431,-119.404111451849,0.848308461065684,7758.92756986356,0.971596796072616,FALSE,0.00330903568904629,0,0,0,0,0.0737017816575489,NA,0.0770137934794819
398,N003,Grand Forks,Canada,CAN,AMER,49.0168968627842,-118.440332474515,0.709489964469475,7390.75827160494,0.928899642770304,FALSE,0,0,0.00845436503543486,0,0,NA,NA,NA
398,N003,Grand Forks,United States,USA,AMER,48.9949226756073,-118.463092219371,7.01131854744786,5067.8270123839,0.99666442297027,FALSE,0,0,0,0,0,NA,NA,NA
67,N004,Eastend-Ravenscrag (Poplar),Canada,CAN,AMER,49.1479744364352,-106.169499767397,52.8985075183207,9602.6932982104,0.332452778567868,FALSE,6.02411229560379e-05,0,0.252893407868457,0,0,-0.131934530506357,NA,-0.976172667206547
67,N004,Eastend-Ravenscrag (Poplar),United States,USA,AMER,48.4438650915802,-106.662535328816,79.9098835984904,8013.02281227132,-0.563539776660953,FALSE,0.00490257794619584,0,0.124362009728063,0,0,-0.0157201592165768,NA,-0.0157201592165768
68,N005,Estevan Valley Aquifer System,Canada,CAN,AMER,49.553369947779,-103.62540088362,10.3041266524223,9062.94441169036,-0.944503606875339,FALSE,0,0,0.441981925693063,0,0,NA,NA,NA
68,N005,Estevan Valley Aquifer System,United States,USA,AMER,48.8320569315895,-102.752445228596,29.8253077749553,8685.88222523199,-0.742889677950149,FALSE,0,0,0.222969582978424,0,0,NA,NA,NA
71,N007,Châteauguay,Canada,CAN,AMER,45.1251528506458,-73.8843135335834,0.74371440824881,8251.78206879732,-0.689723855921927,FALSE,0.0216905071216166,0.0216905071216166,0,0,0,0.465842967433759,0.465842967433759,0.465842967433759
71,N007,Châteauguay,United States,USA,AMER,44.8746787617081,-74.0378772503683,3.1425560385463,5764.45286807288,0.851141832461263,FALSE,0.000172106898718543,0,0,0,0,-0.0111241507729416,NA,-0.0111241507729416
329,N008,Tijuana - San Diego Aquifer,Mexico,MEX,AMER,32.4975790386021,-116.941384361315,0,6001.47062784463,0.80636807194412,FALSE,0.000362764061778902,0.000362764061778902,0.0012677628793026,0,0,-0.30794191354739,0.215731854848776,0.215731854848776
329,N008,Tijuana - San Diego Aquifer,United States,USA,AMER,32.6436762431018,-117.054937460405,0,9896.88503244221,-0.224518731439387,FALSE,0.00152135690172833,0,0.00587850219589029,0,0,-0.604228386621683,NA,-0.604228386621683
340,N012,Nogales-Rio Santa Cruz Aquifer / Upper Santa Cruz Basin,Mexico,MEX,AMER,31.2458405950664,-110.711136716297,0.236696555353407,7048.89708814359,0.609215175584925,FALSE,0.000782450105338217,0.000782450105338217,0,0,0,0.101785843883956,0.126182001045123,0.126182001045123
340,N012,Nogales-Rio Santa Cruz Aquifer / Upper Santa Cruz Basin,United States,USA,AMER,31.8997738757696,-110.838977959456,8.62505178734542,5871.14182033801,-0.561068829914972,FALSE,0.000213436435458056,0.000213436435458056,0.0013645935495932,8.86502085575253e-05,8.86502085575253e-05,0.0254729114428354,0.0233505492934616,0.0233505492934616
339,N013,Rio San Pedro Aquifer / Upper San Pedro Basin,Mexico,MEX,AMER,31.1580450998788,-110.147929191216,0,6205.60454399121,0.401001561878213,FALSE,0.000435151735737404,0.000193716193014368,0.00130981186641286,0,0,-0.214422008344028,-0.109185995424331,-0.109185995424331
339,N013,Rio San Pedro Aquifer / Upper San Pedro Basin,United States,USA,AMER,31.8196211090621,-110.209055448599,7.59210393870771,3579.2946750938,0.310588776125303,FALSE,0.000829277720730085,0.00081905296890992,0,0,0,0.349799115298393,0.344025395514748,0.344025395514748
333,N014,Conejos Medanos Aquifer / Mesilla Bolson,Mexico,MEX,AMER,31.3947052933016,-106.825645224553,5.37423349275492,377.777846676149,-0.826914510174226,TRUE,0.000119482645517331,0.000118700014318989,0.000311045970676028,9.19077426814762e-05,9.19077426814762e-05,-0.176766050731682,-0.13715044331835,-0.13715044331835
333,N014,Conejos Medanos Aquifer / Mesilla Bolson,United States,USA,AMER,32.0743062102867,-106.81510229856,22.3591978208976,4686.55201971416,-0.623254432665132,TRUE,0.0656739438933664,0,0.0806696949369207,0.0652172237384869,0.0652172237384869,0.199506625483536,NA,0.199506625483536
327,N015,Valle de Juarez Bolson / Hueco-Tularosa Bolson,Mexico,MEX,AMER,31.2444188939886,-105.953197961229,0.995667360503462,1964.15279781314,0.871305759559063,TRUE,0.035240864831533,0.0156216844449159,0.0631400985821477,0.0289698447856853,0.0289698447856853,-0.721451762687395,-0.723196162165634,-0.72103049012946
327,N015,Valle de Juarez Bolson / Hueco-Tularosa Bolson,United States,USA,AMER,31.8484287035099,-106.090221954238,13.7619137937697,3096.41496179327,0.223727722935927,TRUE,0.0243808977060293,0.0056205335515183,0.0324625156909416,0.0145888855261586,0.0145888855261586,-0.804413651312353,-0.909475146432169,-0.802885450567174
346,N018,Las Palmas Aquifer / Mimbres Basin,Mexico,MEX,AMER,31.5321201647291,-107.557261501669,0.618252312152085,2115.44223673102,0.748634191102022,FALSE,0.00266168525798318,0.00230920954911292,0.00621053617351715,0.00228941406880611,0.00228941406880611,0.180817874636778,0.219418457724594,0.219418457724594
346,N018,Las Palmas Aquifer / Mimbres Basin,United States,USA,AMER,32.2599781569757,-107.781296175596,31.2657597239968,3689.8931521798,0.424200311102817,FALSE,0.00370287299016079,0.00353756684581655,0.00779626685740123,0.00316600414217781,0.00316600414217781,-0.325882354794717,-0.28784729346125,-0.28784729346125
70,N019,Judith River,Canada,CAN,AMER,50.6996484442512,-107.575131902826,19.6835977585798,9211.15992110273,-0.484930220252562,FALSE,0.0033468241480341,0,0.365330344579006,0,0,0.138928319403031,NA,0.141724739575063
70,N019,Judith River,United States,USA,AMER,48.5003349956704,-107.4413141544,76.835413285419,7683.71292175679,0.364559346046162,FALSE,0.00622182309825225,0,0.107846340302952,0.00052730820537748,0,-0.0274243380518309,NA,-0.0274243380518309
69,N020,Milk River,Canada,CAN,AMER,49.4181455120297,-111.382686349643,19.006719271664,8162.83767026301,-0.399214250712569,FALSE,0.0440744528784202,0,0.32766496583499,0.0153194260137216,0.0153194260137216,0.58838355166894,NA,0.611069184015909
69,N020,Milk River,United States,USA,AMER,48.645369683375,-110.74064430984,17.1283737807051,7191.45182112498,-0.596857674565318,FALSE,0.00344987257572513,0,0.352924792709001,0,0,-0.152057401129318,NA,-0.152057401129318
58,N021,Richelieu/Lake Champlain and Yamaska,Canada,CAN,AMER,45.4586636593343,-72.895850470308,1.24494246239459,7137.22600641696,-0.165598625811132,FALSE,0.00294310581469397,0.00294310581469397,0,0,0,-0.167308532919876,-0.169021903326171,-0.169021903326171
58,N021,Richelieu/Lake Champlain and Yamaska,United States,USA,AMER,44.7092922609852,-73.2086701710644,2.81127869503204,6740.91664409138,0.396500931628732,FALSE,0.000198315824132696,0,0,0,0,-0.66265103136338,NA,-0.66265103136338
359,N022a,Northern Great Plains - Upper Cretaceous Aquifer System,Canada,CAN,AMER,49.3525391766157,-103.832375911539,16.9116351649402,9524.1513469039,0.582227254328237,FALSE,8.75875180641393e-06,0,0.345423294028689,0,0,-0.586043044038891,NA,-0.991349382951289
359,N022a,Northern Great Plains - Upper Cretaceous Aquifer System,United States,USA,AMER,46.5670483450721,-103.845045150565,34.7543928790251,7194.08872709642,0.402038050342011,FALSE,0.00185118992567034,7.60867367678345e-05,0.132917698070261,0.000210219690632435,0,-0.0200854812827631,-0.187399784336699,-0.121322744117649
360,N022b,Northern Great Plains - Lower Tertiary Aquifer System,Canada,CAN,AMER,49.2644476999063,-104.044362609352,17.456172230774,9610.40130550446,0.278712609445275,FALSE,5.01598231287646e-06,0,0.326798004679851,0,0,-0.444572738811304,NA,-0.989397951675807
360,N022b,Northern Great Plains - Lower Tertiary Aquifer System,United States,USA,AMER,46.557225095107,-104.138752584913,34.1992960951038,7124.79713509987,0.40852675014261,FALSE,0.00203943447761469,3.9746246938033e-05,0.133481879305014,0.000241940071860398,0,-0.0375547927967101,-0.379268386562929,-0.140656273578741
330,N025,Laguna Salada Aquifer / Coyote Wells Valley,Mexico,MEX,AMER,32.1346182685702,-115.531663780953,16.6920109960448,304.121045982195,-0.914951265502693,FALSE,0,0,0,0,0,-0.191323266020238,NA,-0.191323266020238
330,N025,Laguna Salada Aquifer / Coyote Wells Valley,United States,USA,AMER,32.726930842619,-116.012074431514,0,6178.69244771572,0.943158640599066,FALSE,0,0,0,0,0,NA,NA,NA
368,N026,Valle de Mexicali - San Luis Rio Colorado Aquifer / Yuma - Imperial Valley,Mexico,MEX,AMER,32.029970997994,-114.595785469823,35.9134652650618,87.0269762670134,0.186870337716919,TRUE,0.0944568046228114,0,0.114687302865271,0.0943908468140189,0.0943908468140189,-0.419048674767785,NA,-0.419048674767785
368,N026,Valle de Mexicali - San Luis Rio Colorado Aquifer / Yuma - Imperial Valley,United States,USA,AMER,32.9268815205697,-115.297093776554,17.2431242822038,968.05714526219,0.417621354884627,TRUE,0.156943682618621,0,0.162544752309953,0.156561738514889,0.156561738514889,-0.173485171000247,NA,-0.173485171000247
341,N031,Sonoyta-Puerto Penasco Aquifer,Mexico,MEX,AMER,31.5467183851516,-113.141077001152,11.5616739293708,122.353300968702,0.227320259370816,FALSE,0,0,0,0,0,-0.179295260867327,-0.163746484166066,-0.163746484166066
341,N031,Sonoyta-Puerto Penasco Aquifer,United States,USA,AMER,32.0424612115413,-113.290832969276,18.841678235408,-1,0.916411287882996,FALSE,0,0,0,0,0,NA,NA,NA
336,N035,La Abra Plain,Mexico,MEX,AMER,31.8592031404675,-112.926741861223,0,1951.19570778574,0.889119878445782,FALSE,0,0,0,0,0,-0.398507627974559,-0.398507627974559,-0.398507627974559
336,N035,La Abra Plain,United States,USA,AMER,31.959415733631,-112.957433348524,0.00950427422980088,249.493242913597,0.787266655944778,FALSE,0,0,0,0,0,NA,NA,NA
338,N041,San Simon Wash,Mexico,MEX,AMER,31.493734830792,-111.848642170381,2.13155499189439,-1,0.275595172396494,FALSE,0,0,0,0,0,NA,NA,NA
338,N041,San Simon Wash,United States,USA,AMER,32.1047603115689,-112.094504062802,51.1105861242566,307.463162697012,0.852361761467615,FALSE,0.000572851606180666,0,0.0010892368337524,0,0,0.880543508694393,NA,0.969237597263807
335,N045,Rio Altar Aquifer,Mexico,MEX,AMER,31.2245319827125,-111.267453072438,0.0838682771072678,7108.08363132051,0.62035713481956,FALSE,0.00341439603349489,0.00341439603349489,0,0,0,-0.118382575506289,-0.0498767778870446,-0.0498767778870446
335,N045,Rio Altar Aquifer,United States,USA,AMER,31.4509352900338,-111.35074353527,0,94.8297117851215,0.961722999909591,FALSE,0,0,0,0,0,-0.593986297709623,-0.593986297709623,-0.593986297709623
337,N048,Rio Agua Prieta Aquifer / Douglas Basin,Mexico,MEX,AMER,31.2600015504692,-109.571428855561,0,4840.31426160054,-0.938485831960429,FALSE,0.00133101350148116,0.00133101350148116,0,0,0,0.103647035151683,0.103647035151683,0.103647035151683
337,N048,Rio Agua Prieta Aquifer / Douglas Basin,United States,USA,AMER,31.5812512712724,-109.679974198011,6.58457406406774,5980.34180962866,0.489446262738642,FALSE,0.0135266940264008,0.0135266940264008,0.0232413814950005,0.0113066409054566,0.0113066409054566,0.665280980217322,0.665280980217322,0.665280980217322
331,N053,Janos Aquifer / Playas Basin,Mexico,MEX,AMER,30.9958682875521,-108.551681656731,0.473094854496759,6113.15372689279,-0.202911631724871,FALSE,0.0265939905729249,0.0263988414129635,0.0434839626916014,0.0237434324076101,0.0237434324076101,0.352783690396525,0.35676575201327,0.35676575201327
331,N053,Janos Aquifer / Playas Basin,United States,USA,AMER,31.6823492309329,-108.54382704202,33.4668863339759,2732.13657844781,0.822303128920227,FALSE,0.00181446833852329,0.000961279621310189,0,0,0,-0.131057934836867,-0.175136608555803,-0.175136608555803
334,N055,Ascension Aquifer / Hachita Moscos Basin,Mexico,MEX,AMER,31.285076275379,-108.03254873635,2.6797455345016,3682.2473175259,0.676237880917762,FALSE,0.0413535183219808,0.039523907130198,0.0652036823921685,0.0404350172093404,0.0404350172093404,0.0548560831185148,0.0216486856869568,0.0216486856869568
334,N055,Ascension Aquifer / Hachita Moscos Basin,United States,USA,AMER,31.7616834225061,-108.267127239277,15.8976785305206,439.973827127301,0.741461441881161,FALSE,0,0,0.000290089548438015,0,0,-0.974621454464774,-0.974621454464774,-0.974621454464774
332,N057,Potrillo Mountains,Mexico,MEX,AMER,31.7654336793399,-107.185453487758,0,4251.68202797699,0.877162041412744,TRUE,0,0,0,0,0,NA,NA,NA
332,N057,Potrillo Mountains,United States,USA,AMER,31.9735462067773,-107.145426292144,95.6996537632928,4181.74653183708,-0.0541436193270286,TRUE,0,0,0,0,0,NA,NA,NA
326,N059,Red Light Draw Bolson,Mexico,MEX,AMER,30.587759188506,-105.085561004214,7.10708147238759,1709.13070165601,1,TRUE,0,0,0,0,0,NA,NA,NA
326,N059,Red Light Draw Bolson,United States,USA,AMER,30.8955647383436,-105.212023497762,49.8224913011386,4989.9517414314,0.769858164109827,TRUE,0,0,0,0,0,NA,NA,NA
325,N061,Green River Valley Bolson,Mexico,MEX,AMER,30.4048085112292,-104.894791498904,0.38223286419441,5015.84070102788,0.591051097074426,TRUE,0,0,0,0,0,-0.983535654310556,NA,-0.983535654310556
325,N061,Green River Valley Bolson,United States,USA,AMER,30.662079663823,-104.937124089561,18.7951258725923,7775.74314411466,0.791578118853038,TRUE,0,0,0,0,0,-0.996767853207657,NA,-0.996767853207657
328,N062,Presidio Bolson,Mexico,MEX,AMER,29.7965046740655,-104.616896920841,0.398307130411875,3199.19963726708,0.84617138960762,TRUE,0.0261016966418393,0,0.0340008052047923,0.0260166181418982,0.019381871040601,0.123581207726572,NA,0.00524482118712422
328,N062,Presidio Bolson,United States,USA,AMER,29.7695075561628,-104.457056918265,7.89193523351779,2583.521315423,0.973595184572498,TRUE,0.00349787886152339,0,0.00400372477223875,0.00310634594226744,0.00295666082326848,-0.884921366425688,NA,-0.8923025708805
324,N063,Redford Bolson,Mexico,MEX,AMER,29.3904149629272,-104.185548924196,0.938708473876173,2206.17170327638,0.960974718625067,TRUE,0.0143183361605617,0,0.0217858453708002,0.0101703879672902,0.0101703879672902,-0.843774859804035,NA,-0.843774859804035
324,N063,Redford Bolson,United States,USA,AMER,29.4483774895913,-104.18114656869,0.790071704645192,2684.55677867903,0.958999797433697,TRUE,0.0241074726484163,0,0.0261990071760405,0.0225623083150446,0.0225623083150446,-0.567709631749429,NA,-0.567709631749429
366,N068,Edwards Aquifer,Mexico,MEX,AMER,29.138467856728,-101.80555043218,13.0833688632225,812.317411143023,-0.615038796128637,TRUE,9.81950946694428e-05,0,0.000190564120580286,9.81950946694428e-05,8.55247890968886e-05,-0.515959566944128,NA,-0.533181088005473
366,N068,Edwards Aquifer,United States,USA,AMER,30.4020303746508,-100.921559603938,19.6645101630854,5268.62621994097,0.0613764347217125,TRUE,0.000120013588281869,3.97135011362841e-05,0.0009961616595031,0,0,0.551020948660063,0.487386246638322,0.556476660339565
321,N069,Santa Fe del Pino Aquifer,Mexico,MEX,AMER,29.1198440611593,-102.901156751547,0.816126739970107,-1,0.805739213914509,TRUE,0,0,0,0,0,NA,NA,NA
321,N069,Santa Fe del Pino Aquifer,United States,USA,AMER,29.1949652987074,-102.953120200986,0.141863269517137,-1,0.960595898973519,TRUE,0,0,0,0,0,NA,NA,NA
319,N070,Serrania del Burro Aquifer,Mexico,MEX,AMER,29.3930944048869,-102.8030471766,1.53924242318991,-1,0.985996912754453,TRUE,0,0,0,0,0,NA,NA,NA
319,N070,Serrania del Burro Aquifer,United States,USA,AMER,29.4055742275127,-102.873380224497,19.1921521210871,-1,0.824443513500023,TRUE,0,0,0,0,0,NA,NA,NA
367,N071,Austin Formation / Austin Chalk,Mexico,MEX,AMER,29.3925478164483,-101.464792948852,1.40875644253411,1497.873735383,0.641312879766694,TRUE,0.000287238806775449,5.69045012175641e-08,0.000333666441000848,0.000286708810360294,0.000286708810360294,-0.311340827455813,0.791949152995253,-0.321683741675094
367,N071,Austin Formation / Austin Chalk,United States,USA,AMER,29.663575600791,-101.481237700926,6.31197464247006,6647.4370854218,0.561798093631512,TRUE,0.000353259193771157,1.56726992576714e-05,4.09536490008885e-05,0.000331883975810042,0.000331883975810042,-0.775662644465067,-0.956070828049124,-0.775662644465067
322,N075,Presa La Amistad Aquifer,Mexico,MEX,AMER,29.2420647917106,-100.84379553228,0,6034.76764033081,0.253565462945135,TRUE,0.016356294356639,0,0.0805357133080701,0.016356294356639,0.016356294356639,0.113582088332836,-0.817703111693543,0.113582088332836
322,N075,Presa La Amistad Aquifer,United States,USA,AMER,29.3726997715167,-100.75048781913,1.64960280666164,3744.19992713767,-0.1333168154509,TRUE,0.00257106320561198,0,0.00159938200481736,0.000853275015278782,0.000853275015278782,-0.782950499601583,-0.909334706428966,-0.782950499601583
323,N076,Allende-Piedras Negras Aquifer,Mexico,MEX,AMER,28.3426764746817,-100.618994282196,2.01699112698033,5947.53608860011,-0.252722726243493,TRUE,0.00903275967190724,0.00830303096246609,0.0205266489758883,0.00887742347235519,0.00887726037545705,0.195421379458716,0.343928620946569,0.201047136270067
323,N076,Allende-Piedras Negras Aquifer,United States,USA,AMER,29.1013355132842,-100.50430146327,4.35553250707653,3524.66132786641,0.525466198802685,TRUE,0.00854805078178312,0.00137370314923685,0.00472475478895673,0.00669709230641301,0.00669709230641301,-0.576103362265532,0.470599321783385,-0.595906631893697
320,N082,Carrizo-Wilcox Aquifer,Mexico,MEX,AMER,27.2287129281437,-99.7466307581222,2.74970638134964,5567.08744801289,0.420853394923642,TRUE,5.30807538545093e-06,0,1.93232137671642e-06,0,0,-0.652178193979393,-0.964899150672584,-0.475077419762796
320,N082,Carrizo-Wilcox Aquifer,United States,USA,AMER,28.7291792465076,-99.959058541146,14.8206696675563,6326.03292791322,0.0741824409920026,TRUE,0.00565301584912165,0.00548990258491745,0.0337003966751986,0.00454312266938037,0.00429243404308251,0.612105582579433,0.666469200502431,0.612105582579433
318,N088,Baja de Rio Bravo / Gulf Coast Aquifer,Mexico,MEX,AMER,25.5824794510599,-97.9936635224747,0.932362835784798,2881.11086518589,-0.774931120489373,TRUE,0.15420622324993,0,0.435887754329746,0.153770831335864,0.138508006133223,-0.375991706534862,NA,-0.3762216203374
318,N088,Baja de Rio Bravo / Gulf Coast Aquifer,United States,USA,AMER,27.0894239574279,-98.0995243508038,15.8856401146265,8550.84859750108,-0.431299516584873,TRUE,0.0299538322612005,0.000690203428326728,0.155647859817594,0.0275248289695738,0.019254793940398,-0.674632228254214,0.498613267629372,-0.674633937848846
218,S001,Choco-Darién,Colombia,COL,AMER,7.3643518006921,-77.8464150494483,374.415605322228,-1,0.996859782389495,FALSE,0,0,0,0,0,NA,NA,NA
218,S001,Choco-Darién,Panama,PAN,AMER,7.39176057120098,-77.8935212001032,420.701002126526,18.792235124127,0.485952327895983,FALSE,0,0,0,0,0,NA,NA,NA
214,S002,Táchira Pamplonita,Colombia,COL,AMER,7.70107930455425,-72.5543283353713,0,6643.98409764319,0.457177100138195,TRUE,0,0,0,0,0,-0.395549503155993,NA,-0.0537045787136523
214,S002,Táchira Pamplonita,Venezuela,VEN,AMER,7.68432427614515,-72.3548722990078,1.3797221119655,6662.51339523282,0.788938548766208,TRUE,0,0,0.000145510214970796,0,0,-0.248675852535131,NA,-0.236588518259493
213,S003,La Guajira,Colombia,COL,AMER,11.4783914715948,-72.478389213863,0.00895121836917013,5969.5467801382,0.102106774625091,FALSE,0,0,0,0,0,-0.209392912196145,NA,-0.280660403173207
213,S003,La Guajira,Venezuela,VEN,AMER,11.3374524408488,-71.9434536763054,0.00320324739628478,7070.40354292514,0.463659289306073,FALSE,0,0,0,0,0,-0.526771752370323,NA,-0.551744514187397
289,S004,Grupo Roraima,Brazil,BRA,AMER,4.47895316285898,-61.296167527232,147.172031244021,3466.87319851651,0.230243479868758,TRUE,0,0,0,0,0,-0.764359962892643,NA,-0.764359962892643
289,S004,Grupo Roraima,Guyana,GUY,AMER,5.50180593354725,-60.3325623244511,240.458837591823,6893.43008606739,-0.567533172545308,TRUE,0,0,0,0,0,NA,NA,NA
289,S004,Grupo Roraima,Venezuela,VEN,AMER,5.40105848489635,-62.3838605390574,547.27260331559,1630.07556440155,-0.901843159196536,TRUE,0,0,0,0,0,NA,NA,NA
287,S005,Boa Vista-Serra do Tucano-North Savanna,Brazil,BRA,AMER,3.27342152302359,-60.502882803255,5.77814665686432,5872.64820346013,-0.9392175813313,TRUE,0.000990675879991647,0,0,0,0,-0.14862074417308,NA,0.852094385824874
287,S005,Boa Vista-Serra do Tucano-North Savanna,Guyana,GUY,AMER,3.663083040431,-59.2146530311457,107.837710584318,7472.28984936784,0.0395181705872671,TRUE,0,0,0,0,0,NA,NA,NA
222,S006,Upper Sand / Zanderij,Guyana,GUY,AMER,5.33930146787049,-58.0793355913799,125.309176027749,5876.95794689157,-0.787482699213047,TRUE,0,0,0,0,0,0.868947528466415,NA,NA
222,S006,Upper Sand / Zanderij,Suriname,SUR,AMER,5.20001275025358,-56.1916611093527,118.033543154743,1647.5522406597,-0.852949304088543,TRUE,0,0,0,0,0,-0.919810667244946,NA,NA
221,S007,Coesewijne,Guyana,GUY,AMER,6.15699348221584,-57.779132309065,57.3663386810774,5761.66496031307,-0.871472797707661,TRUE,0.0214221696398298,0,0.041700231795105,0,0,0.103147178760862,NA,NA
221,S007,Coesewijne,Suriname,SUR,AMER,5.68017955527246,-55.9131349223501,88.2324164988571,3813.50377938024,-0.637385920359507,TRUE,0.00884628919936934,0,0.00265360668303929,0,0,-0.577903324112177,NA,NA
220,S008,A-Sand/B-Sand,Guyana,GUY,AMER,6.15699348221584,-57.779132309065,57.3663386810774,5761.66496031307,0.333933223702483,TRUE,0.0214221696398298,0,0.041700231795105,0,0,0.103147178760862,NA,NA
220,S008,A-Sand/B-Sand,Suriname,SUR,AMER,5.68017955527246,-55.9131349223501,88.2324164988571,3813.50377938024,-0.892388767045054,TRUE,0.00884628919936934,0,0.00265360668303929,0,0,-0.577903324112177,NA,NA
52,S009,Aquífero litorâneo / Aquifères sédimentaires de la bande côtière,Brazil,BRA,AMER,3.7124381554042,-51.2937365274084,320.415452335427,5297.00653022453,-0.94721001159046,TRUE,0,0,0,0,0,NA,NA,NA
216,S010,Tulcán-Ipiales,Colombia,COL,AMER,0.806722102518203,-77.707673913218,0,5662.27801511666,0.90543344995909,TRUE,0,0,0,0,0,0.991179905964259,NA,0.991179905964259
216,S010,Tulcán-Ipiales,Ecuador,ECU,AMER,0.77201218005304,-77.7438046839502,0,5620.15749861265,-0.63449222057979,TRUE,1.08086196838695e-05,0,0,0,0,0.0677147615626357,NA,0.0677147615626357
257,S011,Zarumilla,Ecuador,ECU,AMER,-3.66976952161274,-80.119323459034,0,8386.68690872328,0.0828968105398092,TRUE,1.97225143471421e-05,0,4.16877864432473e-05,0,0,-0.0107449222964189,NA,-0.0107449222964189
257,S011,Zarumilla,Peru,PER,AMER,-3.65625623270824,-80.2451707996726,0,7958.17488085093,0.712702630612757,TRUE,0.000261286158605304,1.02740099540844e-05,0.000555468523925569,0,0,-0.285159942228838,0.341772517596923,-0.285159942228838
256,S012,Puyango-Tumbes-Catamayo-Chira,Ecuador,ECU,AMER,-4.09276374493134,-79.724657106826,0.46375551669666,7042.9971232947,-0.384002896878424,TRUE,4.28090453786881e-05,0,0.000551722222693168,0,0,0.0562830639349886,NA,0.0239284583943549
256,S012,Puyango-Tumbes-Catamayo-Chira,Peru,PER,AMER,-4.48084040088444,-80.2526741450161,0.12322040365652,6270.3299998975,-0.160413476832256,TRUE,0.0025994703642534,0.000258800285593436,0.00355096703253406,0.0018231667715227,0.0018231667715227,-0.0661079975512613,-0.0998288152635862,-0.0691972316966125
255,S014,Titicaca,Bolivia,BOL,AMER,-16.4509642220255,-68.7648748007483,7.17761589010562,676.660173134212,-0.388205785307036,TRUE,0.000839811605477649,3.14422816881202e-06,0,0,0,-0.0823929400012113,-0.802356683250136,-0.0802224230956243
255,S014,Titicaca,Peru,PER,AMER,-15.585898512356,-70.0003684687306,4.00396429585313,789.10436982272,0.0818948044092342,TRUE,8.99532200877693e-05,1.04495452673917e-05,3.23389634081612e-06,0,0,0.0544089704355564,-0.513260389857683,0.0648328057009462
60,S015,Pantanal,Bolivia,BOL,AMER,-17.5850856711983,-58.7348381178324,44.6503215987196,6103.36454063932,-0.636951631184711,TRUE,0,0,0,0,0,-0.968305178723369,NA,NA
60,S015,Pantanal,Brazil,BRA,AMER,-18.0194643713006,-56.6961766353947,31.5500020447411,6348.64165500864,-0.942271493359657,TRUE,7.85819852155045e-06,0,0.00262699221291559,0,0,-0.0221468324854204,NA,0.792593480084357
60,S015,Pantanal,Paraguay,PRY,AMER,-20.5047296883826,-58.1466710021797,92.0951459166926,9602.14315326351,0.760612830867603,TRUE,0,0,0,0,0,-0.876440246779191,NA,NA
292,S016,Agua Dulce,Bolivia,BOL,AMER,-18.9954017052379,-59.5491108883349,80.5692810739305,9737.05566995966,-0.105313406788929,TRUE,0,0,0,0,0,-0.0252004012362081,NA,NA
292,S016,Agua Dulce,Paraguay,PRY,AMER,-19.6847212003071,-59.9672749892046,95.0487818693599,6555.0807321271,-0.756312281869644,TRUE,0,0,0,0,0,-0.978368291691725,NA,NA
258,S017,Salar de Ollagüe / Pastos Grandes,Bolivia,BOL,AMER,-20.9032968142266,-68.2826390276318,3.78559707416948,-0.051730356754435,0.750184386367807,FALSE,0,0,0,0,0,NA,NA,NA
258,S017,Salar de Ollagüe / Pastos Grandes,Chile,CHL,AMER,-21.1449814137837,-68.3528448924697,10.564503978071,-0.530025317791023,0.992967422151484,FALSE,0,0,0,0,0,NA,NA,NA
55,S018,Caplina-Concordia Aquifer System,Chile,CHL,AMER,-18.2802477933966,-69.9992758241399,7.44853941018494,-0.846602982206537,0.99674122483994,FALSE,0,0,0,0,0,0.000723333777318036,NA,0.000723333777318036
55,S018,Caplina-Concordia Aquifer System,Peru,PER,AMER,-18.011544442364,-70.1314059228555,11.8837674765051,59.8666247932712,-0.106451465761424,FALSE,0.00055218399723472,0,0.000910134593849002,0.000290150847793935,0,0.362194067267482,NA,0.360199119498608
54,S019,Aquidauana-Aquidabán,Brazil,BRA,AMER,-17.1135070941412,-53.2486410194023,13.1743515993076,6662.48707330144,-0.941853249766828,TRUE,0.00256387644772285,0,0.00998883027483636,0,0,0.586138293167426,NA,0.591539235470715
54,S019,Aquidauana-Aquidabán,Paraguay,PRY,AMER,-23.1063049255449,-56.7757453890645,23.1843404774214,8571.64246022831,-0.785977587361061,TRUE,0,0,0,0,0,NA,NA,NA
259,S020,Caiua-Bauru-Acaray Aquifer,Brazil,BRA,AMER,-20.9377937266183,-51.6203765938259,6.47322379519587,7507.87816618498,-0.99486814555953,TRUE,0.00297505393841672,0.0012206113922111,0.036788129060813,0,0,0.278427576305397,0.386421171802346,0.278406179286572
259,S020,Caiua-Bauru-Acaray Aquifer,Paraguay,PRY,AMER,-23.9105929615263,-54.9616282413561,3.3593461071822,6085.04301021745,-0.232268373584321,TRUE,0,0,0,0,0,-0.808228710629558,NA,-0.808228710629558
56,S023,Litoráneo-Chuy,Brazil,BRA,AMER,-31.1697385648711,-51.4978767455073,4.79198876196982,8056.54596937148,-0.845132317789276,TRUE,0.0333719371847484,0,0.148550884679879,0,0,-0.0220289412988794,NA,0.33111844217658
56,S023,Litoráneo-Chuy,Uruguay,URY,AMER,-33.5607612396879,-53.8718754826074,0.569144242788094,9032.60420142064,-0.229251544471784,TRUE,0.00115591758325697,0,0.000840622545438515,0,0,0.267332376857823,NA,0.42137262410668
291,S024,Permo-Carbonífero,Brazil,BRA,AMER,-30.6344333311882,-53.9412145915746,1.61067350555035,9323.23354668748,-0.778438587059959,TRUE,0.0156502299906791,0,0.0697371786562362,0,0,0.190478767175012,NA,-0.0019499597771715
291,S024,Permo-Carbonífero,Uruguay,URY,AMER,-32.1326867366217,-54.9448946513318,0.19073131271208,9880.69750537032,-0.535024465548748,TRUE,0.000227940074899611,0,0.000149340270025648,0,0,-0.302642422138221,NA,-0.306479491392121
281,S025,Litoral-Cretácico,Argentina,ARG,AMER,-32.6338322036855,-58.5527061826817,0.99427281200141,5220.35437014587,-0.497991955312923,TRUE,0.00541606585019847,0.00156164375646713,0.283510001069709,0,0,-0.13740343185495,-0.459912190311938,-0.116607693313078
281,S025,Litoral-Cretácico,Uruguay,URY,AMER,-32.8666336625811,-57.7490760171543,0.125759948699421,9911.60483703126,NA,TRUE,0.000132938442642686,0,0.0191412013058128,0,0,-0.138695053686587,NA,-0.138695053686587
290,S026,Salto-Salto Chico,Argentina,ARG,AMER,-31.2309856026954,-58.2677701400905,0.526397562326203,6340.41224430425,-0.567589467058679,TRUE,0.00292647883768882,0.00200489653054395,0.105256336434447,0,0,-0.15686715590925,-0.234759996686517,-0.161724809949674
290,S026,Salto-Salto Chico,Uruguay,URY,AMER,-31.7109695459441,-57.8245431265675,0.100456905985202,8682.28183135281,0.117722436171854,TRUE,0.000399284152116192,0,0.0190032198329457,0,0,-0.0475068690785374,NA,-0.0475068690785374
254,S027,Puneños,Argentina,ARG,AMER,-22.3695273342214,-66.181244152532,4.01058899576458,1384.23178406351,-0.396572537404951,TRUE,0,0,0,0,0,-0.950992143721299,NA,NA
254,S027,Puneños,Bolivia,BOL,AMER,-22.1047884882195,-66.6494186000385,14.696169493332,418.069025946657,-0.954055534337079,TRUE,0,0,0,0,0,NA,NA,NA
61,S028,Sistema Acuífero Yrendá-Toba-Tarijeño (SAYTT),Argentina,ARG,AMER,-25.5896062209446,-61.9617461071541,2.56470170607964,9149.97679370449,-0.946173957674126,TRUE,0.00309125260615897,3.43056807032407e-06,0.039116393058608,0.00082938006595542,0.000373084511023503,0.50953291777233,0.449956813470165,0.517321287765415
61,S028,Sistema Acuífero Yrendá-Toba-Tarijeño (SAYTT),Bolivia,BOL,AMER,-21.2498698557557,-64.0687105744551,13.5634415739874,9189.47056808936,-0.732359085594565,TRUE,0.000178275643847647,0,0.000351277100645099,0,0,-0.211959999516537,NA,-0.2361509521819
61,S028,Sistema Acuífero Yrendá-Toba-Tarijeño (SAYTT),Paraguay,PRY,AMER,-22.3609843403766,-59.7142622295025,64.0965944248951,8122.25456042944,-0.850578012369739,TRUE,0,0,3.75194563757317e-07,0,0,-0.16547905015101,NA,NA
280,S029,El Cóndor-Cañadón del Cóndor,Argentina,ARG,AMER,-51.9091886379463,-69.9443374001564,3.21813036557927,705.506078907582,-0.67273997599046,FALSE,0,0,0,0,0,0.649051291716967,NA,NA
280,S029,El Cóndor-Cañadón del Cóndor,Chile,CHL,AMER,-52.2943367126449,-70.6441330451355,13.3427066008946,2044.52915856765,-0.682567647879046,FALSE,0,0,0,0,0,-0.430406350426596,NA,-0.470901558649979
253,S030,Salar de Ascotán,Bolivia,BOL,AMER,-21.5660367446342,-68.1097604680371,1.24371680328565,0,0.819430279035303,FALSE,0,0,0,0,0,NA,NA,NA
253,S030,Salar de Ascotán,Chile,CHL,AMER,-21.6052058917858,-68.2709166335683,16.2034556354061,-0.740723055574609,-0.900152345270388,FALSE,0,0,0,0,0,NA,NA,NA
59,S031,Silala,Bolivia,BOL,AMER,-21.9933894845438,-67.99550997752,0,0,0.491517329507193,FALSE,0,0,0,0,0,NA,NA,NA
59,S031,Silala,Chile,CHL,AMER,-22.0404578677687,-68.0371597039887,0.120844913377117,-0.0579395487441464,0.705450799746818,FALSE,0,0,0,0,0,NA,NA,NA
1,S032,Laguna Blanca,Bolivia,BOL,AMER,-17.5809246682507,-69.4410573900044,0,-0.473917541007832,0.889730584775472,FALSE,0,0,0,0,0,NA,NA,NA
1,S032,Laguna Blanca,Chile,CHL,AMER,-17.5725787206868,-69.5159733506476,0,-0.4170440032509,0.0953625553179319,FALSE,0,0,0,0,0,NA,NA,NA
1,S032,Laguna Blanca,Peru,PER,AMER,-17.5519594353475,-69.6996815173306,0,-0.133741824333279,-0.0221286138641996,FALSE,0,0,0,0,0,0.683370406162007,NA,0.683370406162007
156,AS041,Amu Darya (1),Afghanistan,AFG,ASIA,37.3427686332512,67.034236811534,0,5683.03282399548,NA,TRUE,0.0506140584278629,0,0.0770106808294622,0,0,-0.0544626789349509,NA,-0.0544626789349509
175,AS070,Vakhsh Aquifer,Afghanistan,AFG,ASIA,37.24896089157,68.6951242553158,0,5692.97949050086,0.832811710053157,TRUE,0.000689794869800546,0,0.00238200282159704,0,0,0.00629174649552633,NA,0.00629174649552633
178,AS072,Ile River Valley,China,CHN,ASIA,43.5639156399473,81.6175824818037,12.5866353184066,5674.62807152615,-0.948573769190807,TRUE,0.149130105344446,0,0.171659052873953,0.111334028550118,0.0323095186589764,0.0210219988315437,NA,-0.0338898167628632
180,AS074,Tacheng Basin / Alakol,China,CHN,ASIA,46.5392760004001,83.3633369407479,11.3826000518308,4958.11418698147,-0.600475972660747,FALSE,0.201308273575293,0,0.266307538434221,0.195222886154835,0.0999782590238258,0.0188475411126521,NA,0.00131293470879845
313,AS076,Zaisan Artesian Basin / Ertix River Plain,China,CHN,ASIA,47.3085598571824,87.5864534819034,17.0150392696724,2263.22062769471,-0.942225087073776,FALSE,0.0986459091127963,0,0.0584751161899734,0.0402307819977047,0.00720813216811363,0.00609694847438602,NA,0.0108957277939496
189,AS077,Yenisei Upstream,Mongolia,MNG,ASIA,48.8039030558384,95.1792511352371,65.7964196393844,262.241720954185,-0.887729737321847,TRUE,5.26940610457855e-06,0,9.99866690998915e-06,0,0,-0.438917144592299,NA,-0.455819316201749
248,AS081,Nu River Valley Aquifer,China,CHN,ASIA,24.5576423551422,99.0510710254573,10.5624377607307,8002.33201273316,-0.991975493188364,TRUE,0.0065014209596496,0,0.0290138907224774,0,0,0.311390445596476,NA,0.270477302209211
248,AS081,Nu River Valley Aquifer,Burma,MMR,ASIA,23.764492534553,98.4620657859349,5.01392409011053,5025.25869932985,-0.768827983874789,TRUE,0.000164619576776398,0,1.48124927193335e-07,0,0,-0.513000969367349,NA,-0.513000969367349
241,AS082,Salween River Aquifer,Burma,MMR,ASIA,16.7837342694775,98.09588503019,5.83212104984615,6960.10820774552,-0.97985307520742,TRUE,0.00734472430147193,0,0.00203599324906251,0,0,0.404761466676917,NA,0.468717270293542
241,AS082,Salween River Aquifer,Thailand,THA,ASIA,15.2488219298629,98.92387418216,21.702793700069,3165.35472980031,-0.985835344157026,TRUE,0.0172848852328862,0,0.022991321049845,0.000103301057725883,1.2843465231162e-05,-0.19764304693209,NA,-0.266081915084471
238,AS083,Upriver of Zuo River,China,CHN,ASIA,23.5731122748023,104.024455745105,11.7489649651752,8487.33083859116,-0.8765330189997,TRUE,0.0088398626513796,0,0.0121514902305277,0.000169983411257638,0,0.175777485465912,NA,0.161334662698826
238,AS083,Upriver of Zuo River,Vietnam,VNM,ASIA,22.5665526413038,104.692477741384,0.00163928656943173,3466.65761851937,-0.975793899441888,TRUE,0.000414979350757797,0,0,0,0,-0.0198382270487765,NA,-0.021112416203072
199,AS086,Upper Yalu River Basin,China,CHN,ASIA,41.8678830737596,127.708023569468,8.05065844672334,4214.43128262203,-0.166406149082464,TRUE,0.000429195727459582,0,0,0,0,-0.769707719185863,NA,-0.775208125979726
199,AS086,Upper Yalu River Basin,"Korea, North",PRK,ASIA,41.307835945385,127.986756010627,20.5967296408185,7219.36356332125,-0.972739098795089,TRUE,0.00107402623018983,0,0.00151003795286661,0,0,-0.103118579290934,NA,-0.141871082476133
200,AS087,Middle Heilongjiang - Amur River Basin,China,CHN,ASIA,47.3649437518725,132.383363333552,9.38720605878839,8573.47909151679,-0.805838010295309,TRUE,0.0658177643257417,0.0650376591709063,0.0260565461509406,0,0,0.28300589374926,0.281591027783897,0.281591027783897
277,AS088,Merauke - Ketu Basin Aquifer,Indonesia,IDN,ASIA,-6.67039010923125,139.486259184901,106.918267379411,9132.92669917512,-0.997873120943015,TRUE,0,0,0,0,0,-0.685996423039183,NA,-0.711236349537118
277,AS088,Merauke - Ketu Basin Aquifer,Papua New Guinea,PNG,ASIA,-7.70199724000987,142.163766767216,178.7964424927,8474.07344118854,-0.965628394355183,TRUE,0,0,0,0,0,NA,NA,NA
239,AS089,Cambodia Mekong River Delta Aquifer,Cambodia,KHM,ASIA,12.497106655357,104.356848846976,8.192426152924,7181.48851938769,-0.85949633061509,TRUE,0.0264468304376908,0,0.0727416596224054,0.0150516698806385,0,0.0625558330803728,NA,-0.969642087573289
239,AS089,Cambodia Mekong River Delta Aquifer,Vietnam,VNM,ASIA,10.178248411842,105.73021025419,2.48640646297244,5489.03409975353,-0.999295148115077,TRUE,0.30099080870421,0,0.323083929600755,0.00259660447452174,0,-0.0450700165981281,NA,-0.0450579489877527
240,AS090,Khorat Plateau Aquifer,Laos,LAO,ASIA,14.9272050591479,105.724293799823,0.368768022328307,6502.10983909448,-0.620107933022019,TRUE,0.0156926691655732,0,0.143989754274946,0.0153398350426214,0,0.164618868030987,NA,0.164618868030987
240,AS090,Khorat Plateau Aquifer,Thailand,THA,ASIA,15.5360038034929,103.360428961387,0.30524221313792,5808.66505348201,-0.997325091459576,TRUE,0.0616592657569449,0,0.653137762640486,6.77522803705631e-07,0,0.0969861342724766,NA,0.105994319371736
242,AS091,Lower Mekong River 2 Aquifer,Laos,LAO,ASIA,17.5132037524818,104.824968715756,14.9430357640192,8224.23755615001,-0.889158398195862,TRUE,0.00390610381262225,0,0.0325643314309677,0.00292348378647707,0,-0.280661084087681,NA,-0.298678141821122
242,AS091,Lower Mekong River 2 Aquifer,Thailand,THA,ASIA,17.606510544904,103.406374532103,0.365002749307649,6403.47897404202,-0.342865817104592,TRUE,0.0372318217333781,0,0.398067108666551,0.0119992568155921,0,0.0208628805202309,NA,0.0605418693491151
242,AS091,Lower Mekong River 2 Aquifer,Vietnam,VNM,ASIA,17.1361603609585,106.361158401973,8.31059059429064,7557.25318009393,0.634865048547609,TRUE,0,0,0,0,0,0.254172297780279,NA,0.243121343450782
247,AS092,Hong River Basin,China,CHN,ASIA,23.4771082413187,102.139052962245,8.22758987697273,8040.82154962304,-0.284157298650779,TRUE,0.00109715751360769,0,0.00518428872908984,0,0,-0.00293938900938562,NA,-0.0168257821657265
247,AS092,Hong River Basin,Vietnam,VNM,ASIA,22.163062391104,103.680736077631,0.611248457146716,3922.44055660908,0.7077288203856,TRUE,0.000399901921301193,0,0,0,0,0.0974259801933459,NA,0.098887083510452
246,AS093,Downstream of Lancang River,China,CHN,ASIA,22.8936957366413,100.275881021852,24.5597151359165,7178.12900693817,0.599890525100464,TRUE,0.00253582467054645,0,0.0166376581393659,0,0,-0.0297187570617186,NA,-0.0299707220297887
246,AS093,Downstream of Lancang River,Burma,MMR,ASIA,21.4078206274933,100.003868060396,6.97134885091598,8687.77787827744,0.592721233042864,TRUE,0.000591647203073411,0,1.35273070971449e-05,0,0,0.258572217973585,NA,0.250155882756272
193,AS094,Bulgan River,China,CHN,ASIA,46.5371764850144,90.8241258837327,34.5287755262734,604.055768399925,0.448905417973407,FALSE,0.00102397379880357,0,0,0,0,0.331968603233095,NA,0.188831441254773
193,AS094,Bulgan River,Mongolia,MNG,ASIA,46.6721248476118,91.2769493971583,104.503419056898,193.788177757001,-0.362463978006654,FALSE,3.77302661968187e-06,0,4.57972959300358e-06,3.77302661968187e-06,0,0.112379619326118,NA,0.0993652589693568
192,AS095,Uvs Lake Aquifer,Mongolia,MNG,ASIA,50.2287251295457,92.145838672215,90.5606118919284,1191.49361353243,-0.814886502858145,FALSE,0.000180580529695231,0,2.71702098066276e-05,2.68184006724215e-05,0,0.0618629266024608,NA,0.0647248738561743
191,AS096,Shishhid River Aquifer,Mongolia,MNG,ASIA,51.180733629264,98.7880702413309,369.25982725226,-0.645090280087693,0.187648866870654,TRUE,0,0,0,0,0,0.715097443116707,NA,NA
190,AS097,Delger River,Mongolia,MNG,ASIA,49.8804237915608,99.1124310149759,122.578028110751,630.378007516753,-0.748723453708798,FALSE,0,0,0,0,0,0.163363976243021,NA,0.360473788233399
184,AS098,Zelter Basin,Mongolia,MNG,ASIA,50.3449042236533,104.842428974681,90.6483790834567,6780.38211815797,0.660133822024719,TRUE,0,0,0.0044993631574078,0,0,NA,NA,NA
187,AS100,Minj River Basin,Mongolia,MNG,ASIA,49.2044108229007,108.735016391299,193.642792795462,275.918567853565,0.706897964547094,TRUE,0,0,0,0,0,NA,NA,NA
186,AS101,Balj River Basin,Mongolia,MNG,ASIA,49.1104860026116,111.057542094992,102.60086110216,7576.57297179674,-0.970355617036176,TRUE,0,0,0,0,0,-0.417977541148828,NA,-0.0860604662344215
188,AS102,Onon River Basin,Mongolia,MNG,ASIA,49.7252627618426,113.365475621895,212.647904766859,9401.53202927657,0.757316560103307,FALSE,0,0,0,0,0,-0.0797999119321573,NA,NA
185,AS103,Ulz River Basin,Mongolia,MNG,ASIA,49.7112647429243,115.646631340591,25.8948703376047,2540.38021389692,0.880247071990193,FALSE,0,0,0,0,0,0.144393061910386,NA,NA
182,AS104,Erguna River,China,CHN,ASIA,49.8953730774675,118.795144002305,5.98950400084672,5180.09310801736,-0.141388066271135,TRUE,0.000139975219025413,0,3.14862314106452e-06,0,0,0.780743664383211,NA,NA
201,AS105,Zeya River Basin,China,CHN,ASIA,50.8572451842706,127.213772106944,8.68283921858535,8115.9779196562,-0.447156229669183,TRUE,0.000765822734574374,0.000765662578950965,5.4662613709012e-05,0,0,-0.273795382834768,-0.254884553781067,-0.273795382834768
198,AS106,Kherlen River Basin,China,CHN,ASIA,48.4944612549324,116.300298267498,65.841695300812,278.780859675293,-0.922759615930492,TRUE,0,0,0,0,0,0.914193939440208,NA,NA
198,AS106,Kherlen River Basin,Mongolia,MNG,ASIA,48.2055628561718,114.783528319963,52.799291212149,892.057376649305,-0.901293544710679,TRUE,0,0,0,0,0,0.42709878179237,NA,0.600759328733414
197,AS108,Buir Lake / Khalkha River Aquifer,China,CHN,ASIA,47.6626646847559,118.104746813953,34.5256701980093,1649.35510390885,-0.17571048236149,TRUE,4.66205943000621e-07,0,0,0,0,-0.954768558556703,NA,NA
197,AS108,Buir Lake / Khalkha River Aquifer,Mongolia,MNG,ASIA,47.2445429769816,118.421883290174,130.48606372079,5491.52650649155,-0.359361169921334,TRUE,0.000271654390079262,0,0,0,0,0.201825793453956,NA,NA
196,AS109,Zamyn-Üüd Basin,China,CHN,ASIA,43.7837913193669,111.892380588071,28.5293870127709,-1,-0.247028897778915,FALSE,0,0,0,0,0,NA,NA,NA
196,AS109,Zamyn-Üüd Basin,Mongolia,MNG,ASIA,44.0307704657536,111.149869266315,123.189723297981,-1,-0.706698114818085,FALSE,0,0,0,0,0,NA,NA,NA
195,AS110,Onch Khairkhani Sair Aquifer,China,CHN,ASIA,41.6885619329849,105.296335041476,56.1542736341891,-1,-0.587855297698215,FALSE,0,0,0,0,0,NA,NA,NA
195,AS110,Onch Khairkhani Sair Aquifer,Mongolia,MNG,ASIA,41.9995381960008,104.978160005037,159.670816199462,-1,-0.692496869048008,FALSE,0,0,0,0,0,NA,NA,NA
194,AS111,Dankhan Khudgiin Sair Aquifer,China,CHN,ASIA,42.4679541202264,100.741082517045,49.5234204888194,-1,-0.70412652074996,FALSE,0,0,0,0,0,NA,NA,NA
194,AS111,Dankhan Khudgiin Sair Aquifer,Mongolia,MNG,ASIA,42.7789119687809,101.215461180048,138.161145148127,-1,-0.975430354794315,FALSE,0,0,0,0,0,NA,NA,NA
147,AS113,Kabul River Aquifer,Afghanistan,AFG,ASIA,34.353442406302,70.5029621177797,5.37334357426154,7721.62473093818,-0.925567918546484,TRUE,0.0833808327551229,0,0.104605067077071,0.0220740107806964,0.0220740107806964,0.046369728799774,NA,0.046369728799774
147,AS113,Kabul River Aquifer,Pakistan,PAK,ASIA,34.5654631186836,71.6524788016977,20.1581158623998,6423.4060075604,-0.958585647713215,TRUE,0.0101049445301397,0,0.0454334359462936,0.00967688477710543,0.00967688477710543,0.409132364766071,NA,0.400799072434184
203,AS114,Lower Yalu River Basin,China,CHN,ASIA,40.761246351795,124.557959311335,1.07136301070378,9936.39513604706,-0.952322280176396,TRUE,0.00801394023372584,0,0.00965110142613319,0,0,-0.25601811669721,NA,-0.255205615406032
203,AS114,Lower Yalu River Basin,"Korea, North",PRK,ASIA,40.2858392549868,124.893461057317,3.55240283469187,9122.27943756684,-0.480398091579312,TRUE,0.115383268417892,0,0.152497257612562,0,0,0.223262813726665,NA,0.223262813726665
202,AS115,Middle of Korea Peninsula,"Korea, South",KOR,ASIA,37.4784560183656,127.026500125206,0,6066.00172471748,-0.956090705652433,TRUE,0.0262729555752424,0,0.0880314667770815,0,0,0.252852436872736,NA,0.280296892782203
202,AS115,Middle of Korea Peninsula,"Korea, North",PRK,ASIA,38.0151454472678,126.364240146559,0.050388236936614,6252.57451315199,-0.978328076042516,TRUE,0.109506621018824,0,0.242971436050481,0,0,0.259547558554709,NA,0.259547558554709
243,AS118,Lower Mekong River 1 Aquifer,Laos,LAO,ASIA,20.3524706837048,100.486589497754,9.87620482982584,7824.04285315759,0.466739813333266,TRUE,0.00174299883985342,0,0.0101805614197909,0,0,-0.270234436043783,NA,-0.433747091922305
243,AS118,Lower Mekong River 1 Aquifer,Burma,MMR,ASIA,20.3478298793856,99.3336647573804,3.63557471727139,7985.45596990971,-0.038297288872478,TRUE,0.000547423909281258,0,0.000336341314890566,0,0,-0.550707333467517,NA,-0.655284350331892
243,AS118,Lower Mekong River 1 Aquifer,Thailand,THA,ASIA,19.5633661078255,99.5271710552332,1.06867579543868,6823.43068012366,-0.134588523542641,TRUE,0.0468936716424628,0,0.130505925481753,0.00453998005797137,0,0.298210088330932,NA,0.284033585236552
245,AS119,Karst Aquifer of Upper Hong River and Zuojiang Valley,China,CHN,ASIA,22.4308116420552,107.209978667544,15.149498306479,7434.26854376273,-0.237694381321731,TRUE,0.00888786243172256,0,0.017370153006714,0,0,0.0467966840690631,NA,0.0378208330330122
245,AS119,Karst Aquifer of Upper Hong River and Zuojiang Valley,Vietnam,VNM,ASIA,21.9723257607565,106.645551565339,0,7310.0169147453,0.350151805738645,TRUE,0.000517600395573382,0,0.000326000332508423,0,0,0.0513782849264492,NA,0.0513782849264492
244,AS120,Beilun River Basin,China,CHN,ASIA,21.7231558208742,107.997419678793,9.44044278268182,6312.30179395151,-0.966950865317059,TRUE,0.00176955784359457,0,0,0,0,-0.153369161828736,NA,-0.111893613011855
244,AS120,Beilun River Basin,Vietnam,VNM,ASIA,21.5156574845775,107.742805868657,0,6037.82257560637,0.0230581193808665,TRUE,0.00678321607764907,0,0,0,0,0.181187356079979,NA,0.204158578073079
183,AS138,Tes River Basin,Mongolia,MNG,ASIA,49.9885187673197,94.408057184581,57.7866090370175,1045.23386093604,-0.431484913522843,FALSE,0.000115904609227126,0,0.000172399980348915,0,0,0.687463896205563,NA,0.707863312372584
249,AS151,Limbang Aquifer,Brunei,BRN,ASIA,4.51515183093602,114.876531088977,57.6654760603438,8095.41225598119,0.355275165063943,TRUE,0,0,0,0,0,NA,NA,NA
249,AS151,Limbang Aquifer,Malaysia,MYS,ASIA,4.28498816832105,115.113298729437,164.537108936993,7479.2374810036,0.664933743934768,TRUE,0,0,0,0,0,-0.166419342574541,NA,-0.166419342574541
250,AS152,Golok Aquifer,Malaysia,MYS,ASIA,5.91407160852374,102.030003055283,0,7689.37952262058,0.437969289505151,TRUE,0.000425402825591567,0,0,0,0,0.190882018135439,NA,0.211374808568605
250,AS152,Golok Aquifer,Thailand,THA,ASIA,6.01771017944279,101.918514693438,0,6480.67545959664,0.637484369022368,TRUE,0.0140615929078736,0,0,0,0,0.0799461139201588,NA,-0.121875274345974
251,AS153,Baram Aquifer,Brunei,BRN,ASIA,4.27679304774329,114.53366381092,112.334314583251,8972.50678315515,0.47391446859375,FALSE,0,0,0,0,0,NA,NA,NA
251,AS153,Baram Aquifer,Indonesia,IDN,ASIA,3.28603882310323,115.594134618994,162.416090566983,7778.24164185538,0.215161127759426,FALSE,0,0,0,0,0,NA,NA,NA
251,AS153,Baram Aquifer,Malaysia,MYS,ASIA,3.56238880758529,114.74048362233,382.845173294344,7708.87130949457,-0.545188497160835,FALSE,0,0,0,0,0,-0.0946756876724661,NA,-0.0867887865058301
252,AS154,Palah Basin Aquifer,Indonesia,IDN,ASIA,1.28325704922922,109.384853939452,1.86087493746202,6347.37044361147,-0.752293701245454,FALSE,6.90487569540197e-06,0,0,0,0,0.314222477053897,NA,0.314222477053897
252,AS154,Palah Basin Aquifer,Malaysia,MYS,ASIA,1.69464613559735,109.760687298901,1.3912809530474,7576.30324420392,0.227688756713991,FALSE,0,0,0,0,0,0.705515039436732,NA,0.764851517498152
278,AS155,Jayapura Basin Aquifer,Indonesia,IDN,ASIA,-2.92947986901375,140.342797351245,25.8832452028714,8178.99919728962,-0.933859469387773,FALSE,0,0,0,0,0,NA,NA,NA
278,AS155,Jayapura Basin Aquifer,Papua New Guinea,PNG,ASIA,-3.28143988266252,141.61318205032,66.2712998806659,6245.09417961066,-0.855910165399174,FALSE,0,0,0,0,0,NA,NA,NA
279,AS156,Besikama Basin Aquifer,Indonesia,IDN,ASIA,-9.17096233916132,124.972005698368,1.57004087013058,5025.27892466349,0.720732256184142,TRUE,0.00039614482299499,0,0.0193173804852919,0,0,0.214406730447004,NA,0.168846209910146
279,AS156,Besikama Basin Aquifer,Timor-Leste,TLS,ASIA,-9.03978030966153,125.129996826019,0,6342.80134022058,0.308189761129024,TRUE,0.00175257485232442,0,0.0074631369545078,0,0,0.00449005225643029,NA,0.00449005225643029
136,AS008,Psou Aquifer,Georgia,GEO,EUCA,43.4835303164588,40.0971021024055,27.35025132148,6457.65486905326,0.332551883021277,FALSE,0,0,0,0,0,NA,NA,NA
136,AS008,Psou Aquifer,Russia,RUS,EUCA,43.4999565606118,40.0344451922801,58.028221767101,9823.59825075688,0.803462542151844,FALSE,0,0,0,0,0,NA,NA,NA
121,AS010,Upper Jezira,Turkey,TUR,EUCA,37.2808760407963,42.1705166717465,2.09570322594345,6982.11744622937,-0.112456809449906,TRUE,0.0443364571246833,0.037138949158916,0.203614697408559,0.0315869643503192,0,-0.57947225010941,-0.552220406375593,-0.552448342272817
139,AS011,Syrt,Kazakhstan,KAZ,EUCA,50.8333400412738,52.6809255656159,32.0046254507361,6343.33016657306,-0.894641852251323,TRUE,2.72452817342815e-07,0,0.0691776225852557,0,0,0.307240084293027,NA,NA
139,AS011,Syrt,Russia,RUS,EUCA,52.2482553251419,50.9810774390457,10.8200093082149,7484.51946178453,-0.923159736524723,TRUE,0.0060187871869913,0,0.326843261870494,0,0,0.33943034272941,NA,0.345154565216353
135,AS012,Leninak-Shiraks Aquifer,Armenia,ARM,EUCA,40.2317971216435,44.144699975704,0.690843394039292,8522.8279484812,-0.15767183954369,TRUE,0.100845454789751,0,0.187016651220536,0.0173491348964914,0,-0.0819407419921545,NA,-0.0807447533644559
135,AS012,Leninak-Shiraks Aquifer,Turkey,TUR,EUCA,40.0540294537219,44.0281417354017,0.502733500127632,5667.61363497948,-0.162310636744574,TRUE,0.128337009758966,0,0.15001219729992,0.0708070248539731,0,-0.167061251236583,NA,-0.16706703832591
132,AS013,Terek Aquifer,Georgia,GEO,EUCA,42.7262282178532,44.6138279190538,8.499120858177,1021.45982999726,0.739441810930842,FALSE,0,0,0,0,0,NA,NA,NA
132,AS013,Terek Aquifer,Russia,RUS,EUCA,42.778168652482,44.6291386712586,2.73997743444274,3959.82380281153,0.791715897797137,FALSE,0,0,0,0,0,NA,NA,NA
125,AS015,Debed / Debeda River Aquifer,Armenia,ARM,EUCA,41.2089591640865,44.9748127932808,1.13124108462111,10000,0.555025610974003,TRUE,0.028203972331922,0,0.104985196302293,0.0182114311066989,0,-0.0455686865485467,NA,-0.0455686865485467
125,AS015,Debed / Debeda River Aquifer,Azerbaijan,AZE,EUCA,41.2273498928758,45.0328962054215,0,10000,0.917286624894822,TRUE,0.000292209543219615,0,0.103951116626543,0,0,0.77,NA,0.77
125,AS015,Debed / Debeda River Aquifer,Georgia,GEO,EUCA,41.2840031655247,44.9328681516791,0,10000,0.892764091914422,TRUE,0.0204127003206784,0,0.100131151232414,0.0204127003206784,0,-0.218317918792609,NA,-0.218317918792609
128,AS016,Ktsia-Khrami Aquifer,Azerbaijan,AZE,EUCA,41.3303908691603,45.0868249141194,0,10000,0.847456003687833,TRUE,0.0164047775541054,0,0.115824197831137,0,0,-0.403679522768725,NA,NA
128,AS016,Ktsia-Khrami Aquifer,Georgia,GEO,EUCA,41.3471023371684,45.0740440722053,0,10000,0.825622309086567,TRUE,0.028069123177821,0,0.142547080664329,0,0,0.322533459603738,NA,NA
134,AS017,Agstev / Akstafa - Tavush / Tovuz Aquifer,Armenia,ARM,EUCA,40.8968882790765,45.3057946670609,1.10643861958781,10000,-0.274300870679205,TRUE,0.00617929709274696,0,0.0398247876550525,0,0,-0.12639612164583,NA,-0.131425860288184
134,AS017,Agstev / Akstafa - Tavush / Tovuz Aquifer,Azerbaijan,AZE,EUCA,40.85924747973,46.1920549975361,3.92713681455986,8741.49154074761,-0.74891166886549,TRUE,0.147738346437721,0,0.225477408190461,0.00835622577784289,0,0.0236618289341802,NA,0.020168277695208
123,AS018,Alazan-Agrichay Aquifer,Azerbaijan,AZE,EUCA,41.5412533345594,46.7269870751386,3.54754334909802,9640.28358823743,-0.71737096021798,TRUE,0.0110854789244233,0,0,0,0,0.0916433123794056,NA,0.105911157057895
123,AS018,Alazan-Agrichay Aquifer,Georgia,GEO,EUCA,41.9618548919043,45.8693402408935,9.99739619886985,9229.18889387686,-0.602745705386767,TRUE,0.0157705290314399,0,0.0031572284660298,0,0,0.352216097469487,NA,NA
140,AS019,Pre-Caspian,Kazakhstan,KAZ,EUCA,48.9806501584561,48.9322751531,69.0471021633117,3014.91375508821,-0.752538541723923,TRUE,6.58014722072583e-09,0,0.00352056646554261,0,0,-0.481367849113709,NA,-0.960918754931814
140,AS019,Pre-Caspian,Russia,RUS,EUCA,48.4776433358629,47.0117582550045,13.1649070119964,6228.242158815,-0.734112379223137,TRUE,0.00180402068947861,0,0.0847657412501487,0.00033013109375268,0,0.0237653877800623,NA,0.00453707050450247
131,AS020,Sulak Aquifer,Georgia,GEO,EUCA,42.3521916352441,45.6879010306297,39.2614191251856,1442.01656338681,-0.846671157070926,FALSE,0,0,0,0,0,NA,NA,NA
131,AS020,Sulak Aquifer,Russia,RUS,EUCA,42.3291389492891,45.7667519410859,103.420613128385,861.141804994766,-0.160005048732516,FALSE,0,0,0,0,0,NA,NA,NA
65,AS021,Nakhichevan / Larijan and Djebrail Aquifer,Azerbaijan,AZE,EUCA,39.2843706040188,46.1275149064517,1.89264684807748,8847.62774613861,0.168839765185469,TRUE,0.054802380024402,0,0.15258965307977,0.0171891768351642,0,-0.172942435983804,NA,-0.190003852133448
129,AS022,"Herher, Malishkin and Jermuk Aquifers",Armenia,ARM,EUCA,39.9056604057357,45.7588067769983,9.4895758667104,8395.7012483052,0.658901498382262,FALSE,0,0,0,0,0,NA,NA,NA
129,AS022,"Herher, Malishkin and Jermuk Aquifers",Azerbaijan,AZE,EUCA,39.9296067379802,45.8043421796722,6.1988096761016,7705.21661925696,0.974391484980779,FALSE,0,0,0,0,0,NA,NA,NA
130,AS023,Vorotan-Akora Aquifer,Armenia,ARM,EUCA,39.4580587616408,46.356890516421,2.31169284957682,10000,0.572283338241321,FALSE,0.0112315866975502,0,0.199147096160278,0,0,-0.225120340141177,NA,-0.185390750866705
130,AS023,Vorotan-Akora Aquifer,Azerbaijan,AZE,EUCA,39.4228707889794,46.4266048493074,8.51541268167054,10000,0.96486058888314,FALSE,0.00183833676653301,0,0.00731255426523509,0,0,0.218281521463541,NA,0.408801983214166
127,AS025,Iori / Gabirry Aquifer,Azerbaijan,AZE,EUCA,41.2581603226415,47.4996513811529,9.80975601828869,190.078034682081,0.955635225460388,FALSE,0,0,0,0,0,NA,NA,NA
127,AS025,Iori / Gabirry Aquifer,Russia,RUS,EUCA,41.2712315195004,47.5821036790736,3.26975079825675,0,0.512814049220439,FALSE,0,0,0,0,0,NA,NA,NA
126,AS026,Lenkoran/Astara,Azerbaijan,AZE,EUCA,39.1079863435318,48.6485043388679,6.89295506016419,9267.60491649483,-0.563522231038402,TRUE,0.143476246619927,0,0.319773957088957,0.115297911919642,0,-0.0609267059440382,NA,-0.0930871766919115
133,AS027,Samur Aquifer,Azerbaijan,AZE,EUCA,41.3763991913862,48.6939939362983,3.91061294684858,9591.83298695057,-0.865720868303131,TRUE,0.0820674092763429,0,0.162033694013825,0.0343866666179157,0,-0.0580255038411035,NA,-0.0670754942443312
133,AS027,Samur Aquifer,Russia,RUS,EUCA,41.6980746965425,48.3635814422529,2.27620893269136,8760.2336863201,-0.934356451353372,TRUE,0.023064798804605,0,0.147049492791986,0,0,-0.450734812988643,NA,-0.634872093126971
303,AS031,South-Pred-Ural Aquifer,Kazakhstan,KAZ,EUCA,50.4966368080345,57.1467308151737,14.5369838936637,7531.75462020688,-0.0279931505105144,FALSE,0.00265239895466516,0,0.0847889411099118,0.0016521237871689,0,0.000214245556874437,NA,NA
303,AS031,South-Pred-Ural Aquifer,Russia,RUS,EUCA,55.9487608959695,57.1118595386698,17.2607901410982,8292.17919212523,-0.969463238927579,FALSE,0,0,0.064953472458666,0,0,NA,NA,NA
124,AS035,Amu Darya (2),Kazakhstan,KAZ,EUCA,43.8021304188537,54.7809198739054,221.279553514102,110.843660131862,-0.802609411260269,TRUE,0,0,0,0,0,0.153373324567024,NA,NA
124,AS035,Amu Darya (2),Turkmenistan,TKM,EUCA,41.5466971713475,54.0543566411356,107.559001426288,42.880630534465,-0.710785109215255,TRUE,0,0,0,0,0,NA,NA,NA
124,AS035,Amu Darya (2),Uzbekistan,UZB,EUCA,43.7390568708458,57.1003532284308,27.1262367156492,20.7004055389316,-0.73980516816091,TRUE,0,0,0,0,0,NA,NA,NA
314,AS036,Syr Darya,Kazakhstan,KAZ,EUCA,43.997423789825,65.097635264385,216.684974526605,1361.33967615377,-0.671368940013519,FALSE,0.0152168751071062,0,0.0185298093116533,0.0138347300946463,0.00412322721241211,0.40346188803377,NA,0.397565396426613
314,AS036,Syr Darya,Uzbekistan,UZB,EUCA,42.5668741377942,63.6724702083425,84.7149294331084,105.490498901139,-0.949567909455511,FALSE,5.81469399758521e-06,0,6.09713704834035e-06,0,0,0.237502140135839,NA,0.873224176898368
302,AS037,Birata-Urgench,Turkmenistan,TKM,EUCA,40.7741497802458,61.3786224812918,2.80130042923792,1113.22927640118,-0.962503288940382,TRUE,0.179875971248673,0,0.194240750410895,0.177547042218001,0.131107052650114,-0.0193868356293752,NA,-0.0202963511704577
302,AS037,Birata-Urgench,Uzbekistan,UZB,EUCA,42.0227183184869,60.6824544860919,26.912294309428,2054.27557794449,-0.447297725037193,TRUE,0.135391380961942,0,0.145817085851058,0.13440432362756,0.0792807449918669,-0.0150993199388236,NA,-0.0688283576814936
160,AS040,Sherabad,Turkmenistan,TKM,EUCA,37.4811072097648,66.5683471482869,18.5730703121968,5556,0.987588436016773,TRUE,0,0,0,0,0,NA,NA,NA
160,AS040,Sherabad,Uzbekistan,UZB,EUCA,37.5210911184924,66.8064843220435,4.78160175848123,5587.86566623545,-0.693715853907209,TRUE,0.292543161725133,0,0.306616964584975,0.167896632639367,0.167896632639367,0.136721075004722,NA,0.093502499416429
156,AS041,Amu Darya (1),Uzbekistan,UZB,EUCA,37.3327969308845,67.2238184556528,1.00965136984882,6385.80843077211,0.415795694050987,TRUE,0.246319844739292,0,0.282382458281184,0,0,-0.109234769555221,NA,-0.109234769555221
157,AS042,Kofarnihon Aquifer,Tajikistan,TJK,EUCA,38.0140328622882,68.3007160073511,0,8101.73342736249,0.545523184732333,TRUE,0,0,0.220543056560945,0,0,NA,NA,NA
157,AS042,Kofarnihon Aquifer,Uzbekistan,UZB,EUCA,38.0655450860525,68.2745073250345,3.09605536266748,9503.53116586441,-0.705201550526334,TRUE,0,0,0.0282703178352082,0,0,NA,NA,NA
167,AS043,Karatag / North-Surhandarya Aquifer,Tajikistan,TJK,EUCA,38.5623046640969,68.3045155024515,29.0030431865853,9517.99953943888,-0.491561062799747,TRUE,0.140298246844856,0,0.209158319806218,0.050464085383118,0.050464085383118,-0.024478085204771,NA,-0.024478085204771
167,AS043,Karatag / North-Surhandarya Aquifer,Uzbekistan,UZB,EUCA,38.1676423898772,67.8723078116889,16.2024955540697,8864.22689258446,-0.75787613685407,TRUE,0.164668179262774,0,0.276402859711501,0.162554500077625,0.162554500077625,0.0769555741123257,NA,0.0771806854154499
168,AS044,Zeravshan Aquifer,Tajikistan,TJK,EUCA,39.4070459187956,67.7930150538177,11.6500566110812,8199.80295846133,0.212096442611559,FALSE,0.025011215009684,0,0.0618530996696883,0.000211376839887734,0,-0.238555193214299,NA,-0.240395876436384
168,AS044,Zeravshan Aquifer,Uzbekistan,UZB,EUCA,39.4908905612752,67.125784406146,5.65155787975505,8558.3046914551,-0.162779509793704,FALSE,0.150752887094955,0,0.291940220999672,0.0292438191320436,0,0.000400867802809346,NA,-0.0146122061037079
174,AS045,Dustlik,Uzbekistan,UZB,EUCA,40.3599227011653,68.5508637054677,0.926299262546225,8726.01676995464,0.441117681816556,TRUE,0.268563383414238,0,0.490786032305946,0.268563383414238,0.257645851028568,-0.0190729692261842,NA,-0.0190729692261842
169,AS046,Havost,Tajikistan,TJK,EUCA,40.1258895431698,68.597898177409,0,7778,0.589436246829932,TRUE,0.367582229332277,0,0.591036266991446,0.367582229332277,0.367582229332277,0.134866996517374,NA,0.134866996517374
169,AS046,Havost,Uzbekistan,UZB,EUCA,40.1031009139325,68.5346991295013,2.91077594434806,8381.35802011235,0.288961875761265,TRUE,0.143662988874113,0,0.326908446495469,0.143662988874113,0.143662988874113,-0.298784073401474,NA,-0.298784073401474
64,AS047,Pretashkent Aquifer,Kazakhstan,KAZ,EUCA,41.6288061778823,68.873100497837,18.7255230338872,7731.46763992891,-0.699464541930083,TRUE,0.0341655107554672,0,0.0826061408454306,0.0258021414751438,0.0158352154496894,-0.702320411949125,NA,-0.712106219455455
64,AS047,Pretashkent Aquifer,Uzbekistan,UZB,EUCA,41.2000960644331,69.3577866995774,1.65724646659688,9345.98385015666,-0.0974446817881796,TRUE,0.286361743784776,0,0.415134961996084,0.156177245578327,0.0931702666694872,-0.0133681828595011,NA,-0.0149827179565385
170,AS048,Zafarobod Aquifer,Tajikistan,TJK,EUCA,40.1628348924297,68.8386888042587,0.0979522818788269,7867.98165795158,0.825094125057293,TRUE,0.42396285173664,0,0.654349305595056,0.42396285173664,0.361353598201928,0.0567099110583489,NA,0.0567099110583489
170,AS048,Zafarobod Aquifer,Uzbekistan,UZB,EUCA,40.0226243349315,68.7757185542242,8.11374960657856,8504.24335662955,0.965638443695906,TRUE,0.0697979837602557,0,0.216043171546228,0.0688350858003733,0.064690344441442,-0.612022813631677,NA,-0.612022813631677
155,AS049,Syr-Darya 3,Tajikistan,TJK,EUCA,40.2116629821786,69.1421736219614,0,8236,0.997073464250088,TRUE,0.535128303824805,0,0.550950086255281,0.535128303824805,0,-0.02,NA,-0.02
155,AS049,Syr-Darya 3,Uzbekistan,UZB,EUCA,40.4478281444491,69.0100563890272,0.863825294768371,9507.04398930043,0.803351784480484,TRUE,0.363302746854528,0,0.584131583170914,0.363302746854528,0.137547906488067,3.51858538472083e-05,NA,3.51858538472083e-05
154,AS050,Kokaral,Tajikistan,TJK,EUCA,40.5390868322909,69.2473195656566,0,9486.2905746378,0.997180703753976,TRUE,0.626042523492011,0,0.681337214991685,0.626042523492011,0.616087989114396,-0.00909092817091373,NA,-0.00909092817091373
154,AS050,Kokaral,Uzbekistan,UZB,EUCA,40.6646877048118,69.155257388827,4.28231351999366,9984.27027210546,-0.738435224365391,TRUE,0.410958007681116,0,0.588455801271447,0.410958007681116,0.374725185010111,-0.0265163191149258,NA,-0.0265163191149258
171,AS051,Dalverzin Aquifer,Tajikistan,TJK,EUCA,40.488732759183,69.437659388659,3.30835642455198,8073.30531918326,-0.00895777060492864,TRUE,0.20309238775802,0,0.285468397838912,0.20309238775802,0.0773897125528327,-0.432093497785363,NA,-0.436045249233463
171,AS051,Dalverzin Aquifer,Uzbekistan,UZB,EUCA,40.4084763323081,69.2150016340111,4.99295969229567,9800.4591877708,0.64766211112861,TRUE,0.35644921769226,0,0.516406726316409,0.35644921769226,0.048395599599923,0.0407852834143719,NA,0.0498838822044291
153,AS052,Ahangaran,Uzbekistan,UZB,EUCA,40.8950137134022,69.5900068572542,1.59687036377603,9479.10988879481,-0.710374778287973,TRUE,0.160540541493817,0,0.403143223856961,0.144335463322067,0.117592763143945,-0.0238359582161347,NA,-0.0200658174560391
152,AS053,Sulyukta-Batken-Nau-Isfara Aquifer,Kyrgyzstan,KGZ,EUCA,39.9746348585737,70.0359910635438,1.85577011264397,6074.22959387749,0.959503468128542,TRUE,0.0384700620357591,0,0.0641376590786121,0.00338565695207328,0.00124031069925202,-0.457827885777557,NA,-0.519634066615074
152,AS053,Sulyukta-Batken-Nau-Isfara Aquifer,Tajikistan,TJK,EUCA,40.1558277298467,69.9592916416762,6.95272711644202,5531.58908871616,-0.713091156354869,TRUE,0.170900280351286,0,0.260070915593656,0.169742741628736,0.00964933675120488,0.0599874463573206,NA,0.0599874463573206
152,AS053,Sulyukta-Batken-Nau-Isfara Aquifer,Uzbekistan,UZB,EUCA,40.4203788800122,70.5708576631185,8.4382160406351,6955.8983520654,0.782154474506943,TRUE,0.313045526213338,0,0.425845365569859,0.31156093210596,0.19174430495877,0.0195990616478544,NA,0.0195990616478544
181,AS054,South Talas Aquifer,Kazakhstan,KAZ,EUCA,42.5976518979383,70.8044190259046,1.23297774720627,8545.77453625466,-0.154363661643208,FALSE,0.00928015510593324,0,0.0383435707342637,0.00508769184816511,0.00508769184816511,-0.289990676428066,NA,-0.289990676428066
181,AS054,South Talas Aquifer,Kyrgyzstan,KGZ,EUCA,42.527716598204,71.0794679827526,5.53672875269623,8491.03560076288,0.921043495977764,FALSE,0.117408728442878,0,0.274900293411066,0.114525916475243,0.114525916475243,0.391112102859817,NA,0.391112102859817
179,AS055,North Talas Aquifer,Kazakhstan,KAZ,EUCA,42.8044668343991,71.2552341602477,1.70138516554433,7827.83530604773,-0.672129557376911,FALSE,0.123846147680945,0,0.209572147307566,0.123803512933638,0.11535172736808,0.00673278307345471,NA,0.00673278307345471
179,AS055,North Talas Aquifer,Kyrgyzstan,KGZ,EUCA,42.724808623871,71.4004616300231,0,7778,0.778104777459638,FALSE,0.190866675044289,0,0.307800109190932,0.188830316774954,0.131285276733418,0.0234513339228031,NA,0.0234513339228031
165,AS056,Chust-Pap Aquifer,Uzbekistan,UZB,EUCA,40.8371212717193,70.9457920965807,2.57822882614642,8283.9948840746,-0.1156924986913,TRUE,0.261397750166013,0,0.348473413197105,0.261171580399128,0,0.142037854671747,NA,0.142037854671747
172,AS057,Shorsu Aquifer,Tajikistan,TJK,EUCA,40.1729875748105,70.7995818893185,1.94559446777927,4525.90786302471,0.974325107082064,TRUE,0.108439432406396,0,0.178925071193773,0.108439432406396,0.108439432406396,0.0543068511046405,NA,0.0455707814473375
172,AS057,Shorsu Aquifer,Uzbekistan,UZB,EUCA,40.2142817045056,70.8075421616968,11.3236885652115,4034.41413759812,0.985638900257976,TRUE,0,0,0.000135335205757687,0,0,NA,NA,NA
158,AS058,Sokh Aquifer,Kyrgyzstan,KGZ,EUCA,40.3386703850379,71.2364383709116,5.67215276883397,8536.26054216868,0.419223970893968,TRUE,0.0922734637232493,0,0.125694999106309,0.0922734637232493,0.0922734637232493,-0.271051612681744,NA,-0.271051612681744
158,AS058,Sokh Aquifer,Uzbekistan,UZB,EUCA,40.4858686663026,71.0175528312926,12.0549081716884,6833.93423252593,-0.139493122769266,TRUE,0.23035455268226,0,0.43764589369229,0.229674453810403,0.116823015579122,-0.0856484618772904,NA,-0.0856484618772904
166,AS059,Syr-Darya 2,Tajikistan,TJK,EUCA,40.6205377932474,70.6596592098752,8.03974100173642,10000,0.97433697070364,TRUE,0.0401816474157452,0,0.0626720149338016,0.0401816474157452,0,0.0279059143253224,NA,0.0279059143253224
166,AS059,Syr-Darya 2,Uzbekistan,UZB,EUCA,40.742336826345,71.1019126579176,9.87083386298765,7290.19914188163,-0.078991116469725,TRUE,0.345051282228427,0,0.416059536493309,0.345047037552107,0,0.0519984062645609,NA,0.0519984062645609
161,AS060,Almos-Vorzik Aquifer,Kyrgyzstan,KGZ,EUCA,41.1173879016008,71.3967801055962,0,6185,0.190609416658074,TRUE,0.494470331557122,0,0.494470331557122,0.494470331557122,0.494470331557122,-0.27,NA,-0.27
161,AS060,Almos-Vorzik Aquifer,Uzbekistan,UZB,EUCA,41.0457793261087,71.1911626479005,0.77953958346565,6544.78789751449,-0.583632408018975,TRUE,0.283279415046348,0,0.424004836476033,0.283279415046348,0.260825349125263,-0.105811341727277,NA,-0.105811341727277
151,AS061,Kasansay Aquifer,Kyrgyzstan,KGZ,EUCA,41.1652146452371,71.4522240106198,0,6766.4,0.988431374286576,FALSE,0.68660975725168,0,0.68660975725168,0.68660975725168,0.68660975725168,-0.6,NA,-0.6
151,AS061,Kasansay Aquifer,Uzbekistan,UZB,EUCA,41.2006964686811,71.5096317736442,0,7512.7527694438,0.391155839815858,FALSE,0.325121925593437,0,0.462322720895202,0.325121925593437,0.325121925593437,-0.108581516698036,NA,-0.142974028823105
150,AS062,Nanay,Kyrgyzstan,KGZ,EUCA,41.4784307141632,71.6703413040346,0,8715.32009925558,0.983427874541548,FALSE,0.224047982864687,0,0.487619586741477,0.205853650495222,0.205853650495222,-0.316671612050199,NA,-0.241973872847896
150,AS062,Nanay,Uzbekistan,UZB,EUCA,41.4829372494867,71.6911842612383,0,9761.18822491175,0.63637533643416,FALSE,0.0974362245126326,0,0.451362879347821,0.0851281565208671,0.0851281565208671,-0.299308458539462,NA,-0.298350314048072
162,AS063,Iskovat-Pishkaran Aquifer,Kyrgyzstan,KGZ,EUCA,41.3829080204038,71.6972769239806,0,8214.82830930537,0.917645259503671,TRUE,0.0872238306762467,0,0.274491017352598,0.0872238306762467,0.0872238306762467,-0.460776548342388,NA,-0.584895202669306
162,AS063,Iskovat-Pishkaran Aquifer,Uzbekistan,UZB,EUCA,41.2931128387979,71.7454137072481,0.336696856703598,7891.27273340575,-0.591622903056644,TRUE,0.239510723745009,0,0.476855708958325,0.238339673035614,0.238339673035614,0.263887868986277,NA,0.263887868986277
164,AS064,Naryn Aquifer,Kyrgyzstan,KGZ,EUCA,41.0266603720409,72.186666737583,0,7298.72857142857,0.984755654869619,TRUE,0.339798349280184,0,0.665019062508486,0.339798349280184,0.339798349280184,0.48072619968035,NA,0.48072619968035
164,AS064,Naryn Aquifer,Uzbekistan,UZB,EUCA,40.929627514639,71.923941340303,2.48677062401875,7256.49351579912,-0.690154817791336,TRUE,0.437639684649599,0,0.541662924389037,0.340739877564318,0.100085521299347,0.0502669036745691,NA,0.0502669036745691
148,AS065,Yarmazar,Kyrgyzstan,KGZ,EUCA,40.405105822598,71.9099703853039,0,6569.78846153846,0.935400724854685,TRUE,0.0518250175487355,0,0.0784052613855868,0.0518250175487355,0.0518250175487355,0.143924227825972,NA,0.143924227825972
148,AS065,Yarmazar,Uzbekistan,UZB,EUCA,40.3706694401586,71.7496101184181,2.12156141940734,7885.91688859514,0.258346206371976,TRUE,0.199516493808798,0,0.25860282513484,0.199516493808798,0.0348373639958739,-0.142643143857757,NA,-0.142643143857757
149,AS066,Chimion-Aval,Kyrgyzstan,KGZ,EUCA,40.2672559128302,71.8221540318746,1.38202769182125,7078.11836734695,0.972708311763606,TRUE,0.224161843727066,0,0.241941633396714,0.224127363730282,0.0247892228423165,-0.080968046362835,NA,-0.080968046362835
149,AS066,Chimion-Aval,Uzbekistan,UZB,EUCA,40.2872337978997,71.798968181305,4.55120916877513,7738.99055288655,0.629188954438846,TRUE,0.254992839928641,0,0.30280497869559,0.254990872121945,0.0045930669484584,0.0191948484266766,NA,0.0191948484266766
163,AS067,Maylusu Aquifer,Uzbekistan,UZB,EUCA,40.9331700507869,72.3044453977225,0,7727.61959247041,0.0972747866193306,TRUE,0.383987910998287,0,0.556239785967734,0.071206085353959,0.071206085353959,-0.0309202623046496,NA,-0.0309202623046496
159,AS068,Karaungur,Kyrgyzstan,KGZ,EUCA,40.9470386531293,72.5248772143656,0,8096.14649681529,0.986856479545045,TRUE,0.265627293433263,0,0.584410587577923,0.157940321895047,0.157940321895047,-0.73,NA,-0.73
159,AS068,Karaungur,Uzbekistan,UZB,EUCA,40.9261865649416,72.496010535,0,8540.7719046048,0.307715340483362,TRUE,0.278799315808888,0,0.52081741009516,0.109169474604643,0.109169474604643,0.113993312383315,NA,0.113993312383315
173,AS069,Osh-Aravan Aquifer,Kyrgyzstan,KGZ,EUCA,40.5719195196977,72.4579241502683,0.11354343376909,7792.47450431326,0.944544875074549,TRUE,0.412972369575699,0,0.513463804027307,0.0431066869741305,0.0431066869741305,0.0110657085690938,NA,0.0110657085690938
173,AS069,Osh-Aravan Aquifer,Uzbekistan,UZB,EUCA,40.6563878727218,72.5941917322761,1.94894738988198,8055.21763102812,0.89345895686308,TRUE,0.323517418030234,0,0.458387147542038,0.242601914143194,0.242601914143194,0.0188554788248378,NA,0.0188554788248378
175,AS070,Vakhsh Aquifer,Tajikistan,TJK,EUCA,37.2830367668304,68.6716386262756,0,6041.39478111588,0.862855748963367,TRUE,0.106686372962717,0,0.170961509271562,0,0,-0.0563376164191953,NA,-0.0563376164191953
176,AS071,Chu Basin,Kazakhstan,KAZ,EUCA,43.1140657817298,73.6016424934638,9.30747623351477,7650.62699014609,0.0265992938168719,TRUE,0.0433385795915147,0,0.121370958963689,0.027557154875923,0.00129576213019914,-0.332771741048859,NA,-0.334075324057446
176,AS071,Chu Basin,Kyrgyzstan,KGZ,EUCA,42.898840696716,74.4323752978072,0.273076646152517,8939.61308205212,-0.663966720848083,TRUE,0.249258275183653,0,0.442807111795988,0.158352256264166,0.112915961634033,0.0457526076378231,NA,0.0441223075398225
178,AS072,Ile River Valley,Kazakhstan,KAZ,EUCA,43.705024087225,79.8418114131608,22.9557179210761,5407.22538901473,0.0689720910478446,TRUE,0.0302963899740336,0,0.0238948068682172,0.0114241986894387,0,-0.00715684413721718,NA,-0.00572832379266797
180,AS074,Tacheng Basin / Alakol,Kazakhstan,KAZ,EUCA,46.507197777161,81.5044204333662,55.4198000867105,4563.89893519723,-0.00572273826261993,FALSE,0.00711324076433312,0,0.0278193091700923,0.00286554689110705,2.34256538802735e-06,-0.049090615737259,NA,-0.0392837568678281
313,AS076,Zaisan Artesian Basin / Ertix River Plain,Kazakhstan,KAZ,EUCA,48.0362608296283,83.7506188971425,34.8665179078834,3646.24149932426,0.484630414396779,FALSE,0.00104103608382399,0,0.00915317178761764,0.000464401443673631,0.000378389931475048,-0.419103937887362,NA,-0.424373502928472
189,AS077,Yenisei Upstream,Russia,RUS,EUCA,50.7409244004479,96.4638124170056,163.754216959038,1300.87813073696,0.926736998644672,TRUE,0,0,0.000253567671146709,0,0,-0.592289816556797,NA,-0.443177299810513
200,AS087,Middle Heilongjiang - Amur River Basin,Russia,RUS,EUCA,48.9132741666389,134.814144060665,214.377825380546,7223.0407637965,0.0507623881260064,TRUE,1.43532414629152e-05,4.51961088817364e-06,0,0,0,-0.818942270498715,-0.959192029660724,-0.833010777612736
192,AS095,Uvs Lake Aquifer,Russia,RUS,EUCA,50.7561129641399,92.1171161610727,17.6493159814109,1937.01913599679,0.884597450146314,FALSE,0,0,0,0,0,-0.588164629642385,NA,-0.588164629642385
191,AS096,Shishhid River Aquifer,Russia,RUS,EUCA,51.6169326424592,96.4935498594148,222.443228012949,884.515319269601,-0.863285166742022,TRUE,0,0,0,0,0,NA,NA,NA
190,AS097,Delger River,Russia,RUS,EUCA,50.2560279108058,98.0300812110131,24.8560145801592,-0.151051637753583,0.239208176129037,FALSE,0,0,0,0,0,0.0844741713519831,NA,NA
184,AS098,Zelter Basin,Russia,RUS,EUCA,50.5316722732386,105.11081060392,33.769353317422,8214.53467505755,0.519873968957764,TRUE,0.000327832412326818,0,0.0121274275089326,0,0,0.270026792329536,NA,0.296867164733579
187,AS100,Minj River Basin,Russia,RUS,EUCA,49.5075987981094,108.990545648193,80.932217240731,2596.3536299466,0.999141570324684,TRUE,0,0,0,0,0,NA,NA,NA
186,AS101,Balj River Basin,Russia,RUS,EUCA,49.3712230710022,110.829258696773,45.2469883829697,2586.73827595606,0.943319538936598,TRUE,0,0,0.000513514413154232,0,0,NA,NA,NA
188,AS102,Onon River Basin,Russia,RUS,EUCA,49.87486595786,113.222240453979,105.34828033603,7274.2195226332,0.51284722690438,FALSE,0,0,0.000320328572632178,0,0,-0.381719777692962,NA,NA
185,AS103,Ulz River Basin,Russia,RUS,EUCA,50.7311643714672,114.909168926445,35.4549450916967,8241.12269663818,-0.851015233592219,FALSE,0,0,0.000167755608237011,0,0,-0.927552909113082,NA,NA
182,AS104,Erguna River,Russia,RUS,EUCA,50.016278744313,118.624575057789,5.59197399531651,9087.76090014824,-0.201021523267296,TRUE,0,0,0.0105209681759974,0,0,NA,NA,NA
201,AS105,Zeya River Basin,Russia,RUS,EUCA,51.3036085297896,128.943486421938,49.8686379314746,7788.99911550973,-0.72680348978602,TRUE,9.15268070442229e-06,4.77281904153534e-06,0.0366237386620973,0,0,-0.92860616311286,-0.96169233854748,-0.92860616311286
122,AS122,Kura River Valley Aquifer,Azerbaijan,AZE,EUCA,41.0627666681297,46.1931462625899,8.75715910418776,8186.63296360775,-0.85636986581519,TRUE,0.0268144997333724,0,0.0390125478331556,0.00599320278915704,0,0.423446291259771,NA,0.481510677637133
122,AS122,Kura River Valley Aquifer,Georgia,GEO,EUCA,41.5255229619759,45.2412321645518,13.2019797626229,10027.1754421888,-0.568888656883265,TRUE,0.0351026752384782,0,0.0643794804785263,0,0,0.197178430429861,NA,NA
119,AS124,Jezira Tertiary Limestone Aquifer System,Turkey,TUR,EUCA,37.390234397248,39.4664156310965,0.598821715075594,7729.49589915502,-0.720825682660791,TRUE,0.0716637839155967,0.0471324201746045,0.296154217492537,0.0323088679396521,0.0105924450151808,0.0592405777243212,-0.127843323434159,0.0615519213926288
142,AS132,Sarakhas Aquifer,Turkmenistan,TKM,EUCA,36.6139462920477,61.0706373805868,0,5303.46925566343,0.948479153347761,TRUE,0.0721045651081101,0.0365179418957896,0.0748877702447012,0.0721045651081101,0.0721045651081101,0.00478323608767006,0.689398725068782,0.689398725068782
183,AS138,Tes River Basin,Russia,RUS,EUCA,50.315858119391,94.7969662194069,13.2854732178583,5856.88025802159,-0.644585875070598,FALSE,0,0,5.14990828126815e-07,0,0,0.690348504997175,NA,0.370996378699432
177,AS150,Irtysh-Obsky,Kazakhstan,KAZ,EUCA,53.2261992101388,70.807725286234,36.9831842066972,7595.80870885292,-0.57891332856397,TRUE,0.000671876057031871,0,0.16885767361005,5.08881999882711e-05,0,0.255643424835206,NA,0.219539159264
177,AS150,Irtysh-Obsky,Russia,RUS,EUCA,55.7619053696948,74.1203208628572,77.3345459885862,7366.50516244027,-0.933339941476929,TRUE,0.00011768353476348,0,0.0942792430528428,0,0,-0.725381949353953,NA,-0.707597317089643
110,EB010 - EB012,Cerknica / Kupa Aquifer; Ko?evje Goteni?ka Gora Aquifer; Radovica-Metlika / Zumberak Aquifer,Croatia,HRV,EUCA,45.4562117181452,14.9556821485726,0,9830.41894080891,-0.166636167050944,TRUE,0,0,0,0,0,NA,NA,NA
110,EB010 - EB012,Cerknica / Kupa Aquifer; Ko?evje Goteni?ka Gora Aquifer; Radovica-Metlika / Zumberak Aquifer,Slovenia,SVN,EUCA,45.5802933925648,14.9480467746992,0.839697476693449,9611.15225729507,0.0192890316971989,TRUE,0,0,0,0,0,NA,NA,NA
18,EB013,Ormo?-Sredi??e ob Drava / Drava-Vara?din Aquifer,Croatia,HRV,EUCA,46.3548043959221,16.1088471326914,0,9212.34870659751,0.874621835014049,TRUE,0.000630180928743046,0,0.114446412794455,0,0,-0.336949304657556,-0.246690021139095,-0.336949304657556
18,EB013,Ormo?-Sredi??e ob Drava / Drava-Vara?din Aquifer,Slovenia,SVN,EUCA,46.4273752853508,16.0317320243587,0,9301.50040413244,0.861962419753768,TRUE,0.00116836147669078,0,0.102863211707304,0,0,-0.336255779686182,-0.992979569254541,-0.336255779686191
107,EB014 - EB015,Bregana-Obre?je / Sava-Samobor,Croatia,HRV,EUCA,45.8590551922535,15.7089676813994,0,8553.99363732768,0.967300866581067,TRUE,0,0,0,0,0,NA,NA,NA
107,EB014 - EB015,Bregana-Obre?je / Sava-Samobor,Slovenia,SVN,EUCA,45.8525475444793,15.6887110264142,0,8516,0.97369877198947,TRUE,0,0,0,0,0,NA,NA,NA
111,EB016 - EB021,"Bizeljsko / Sutla Aquifer (Bo?, Roga?ka, Atomske Toplice, Bohor, Orlica Aquifers)",Croatia,HRV,EUCA,46.135508392231,15.6985181337655,0,10000,0.996174915898932,TRUE,3.15537790698784e-06,0,0,0,0,NA,NA,NA
111,EB016 - EB021,"Bizeljsko / Sutla Aquifer (Bo?, Roga?ka, Atomske Toplice, Bohor, Orlica Aquifers)",Slovenia,SVN,EUCA,46.1608939383112,15.6286122125514,0,9929.27710786733,0.989256902519961,TRUE,6.49454665627749e-07,0,0,0,0,NA,NA,NA
112,EB022,Dolinsko-Ravensko / Mura Aquifer,Croatia,HRV,EUCA,46.3446177035356,16.1334111469701,0,9321.13943422111,0.933466080273672,TRUE,0.000451294418033197,0,0.141542699160918,0,0,-0.61003435780709,-0.538460437938648,-0.61003435780709
112,EB022,Dolinsko-Ravensko / Mura Aquifer,Slovenia,SVN,EUCA,46.4088987793047,16.1047366336061,0,9376.57027441148,1,TRUE,0.00119347924600624,0,0.119209544652433,0,0,-0.646079136331291,-0.918845352725286,-0.646079136331224
103,EB023,Kupa Aquifer,Bosnia & Herzegovina,BIH,EUCA,44.998861755003,15.8328041115284,40.6315428502507,9590.21171710779,1,TRUE,0,0,0.00730029053161595,0,0,NA,NA,NA
103,EB023,Kupa Aquifer,Croatia,HRV,EUCA,45.0846484496211,15.5899440964857,0.30056533106241,9458.33453749931,0.962006338833948,TRUE,0,0,1.48875429568507e-05,0,0,NA,NA,NA
415,EB024,Una,Bosnia & Herzegovina,BIH,EUCA,44.7375083849771,15.8883242338926,0.576119986192805,9996.94384843348,0.969882614007631,TRUE,0,0,0.00177677427279775,0,0,NA,NA,NA
415,EB024,Una,Croatia,HRV,EUCA,44.5891114207068,15.8574594066476,2.24986466721714,9240.52482165156,1,TRUE,0,0,0.00213860749589838,0,0,NA,NA,NA
115,EB025,Krka,Bosnia & Herzegovina,BIH,EUCA,44.1932352184661,16.3222910037887,6.62387499690872,9897.04464509656,0.999101754150466,TRUE,0,0,0.0006009714228832,0,0,NA,NA,NA
115,EB025,Krka,Croatia,HRV,EUCA,44.0676874342584,16.2549415111497,0.34038590687429,9038.90330195469,-0.364893435302079,TRUE,0,0,0.00352478188506568,0,0,NA,NA,NA
399,EB026,Cetina,Bosnia & Herzegovina,BIH,EUCA,43.8619921826428,16.9331865653167,8.55819530381211,9299.88169176124,0.79453891132814,FALSE,0,0,0.00683008769128903,0,0,NA,NA,NA
399,EB026,Cetina,Croatia,HRV,EUCA,43.6937213300604,16.7236937780917,2.58760654411655,9264.35402737982,0.456535230051409,FALSE,2.27668992194372e-05,0,0.00212676491878177,0,0,0.614398682670768,NA,0.778086120188104
400,EB027,Neretva,Bosnia & Herzegovina,BIH,EUCA,43.3259993183593,17.3858011656659,8.36196458544952,7778.9789569728,0.999770727296611,FALSE,0.00106848380042415,0,0.0120249565666055,0,0,-0.0224096267205303,NA,-0.0224096267205303
400,EB027,Neretva,Croatia,HRV,EUCA,43.2616572468005,17.3406033631421,0.0230665748475677,7740.8440244977,0.886848746776356,FALSE,4.32591602338985e-05,0,0.006957216081446,0,0,0.287228584053342,NA,0.259240396034726
401,EB028,Trebi?njica,Bosnia & Herzegovina,BIH,EUCA,42.8138590165618,18.1413265813526,7.181209386301,8012.31327113926,-0.0506669762027951,FALSE,0.00570238499292708,0,0.0166467986624791,0,0,-0.294008059403238,NA,-0.1275662161502
401,EB028,Trebi?njica,Croatia,HRV,EUCA,42.7876437931967,17.9519546507961,0.0171909295821379,7331.54672252959,0.984893993729623,FALSE,0.00078102815235424,0,0.00152574665931022,0,0,0.0162803765054369,NA,0.122569817747795
86,EB029,Dinaric Littoral (West Coast aquifer),Croatia,HRV,EUCA,42.5025667622227,18.4219274289256,0.00607025280419766,8082.73656821863,0.995709129244774,FALSE,0.000104779520972724,0,0.00519905642199684,0,0,-0.3084876169601,NA,-0.3084876169601
86,EB029,Dinaric Littoral (West Coast aquifer),Montenegro,MNE,EUCA,42.5104801608666,18.5370179938802,7.83041777176422,7229.85780643672,0.470177232537785,FALSE,6.62562863056323e-07,0,0.000152477076678231,0,0,0.270026103802321,0.0966127985837031,0.0966127985837031
402,EB030,Bile?ko Lake,Bosnia & Herzegovina,BIH,EUCA,42.981611893027,18.4506858220049,11.8801108135642,9057.47108442682,0.557817893832327,TRUE,0.000163578351556623,0,0.00456115432951179,0,0,-0.341462722367396,NA,-0.0303190792043009
402,EB030,Bile?ko Lake,Montenegro,MNE,EUCA,42.8490546466154,18.583858989921,20.5273951958947,7669.6775722734,0.759046359551412,TRUE,2.67904228325674e-07,0,0.000348340441319625,0,0,NA,NA,NA
85,EB031,Posavina I / Sava Aquifer,Bosnia & Herzegovina,BIH,EUCA,45.0425474366008,17.916836540464,0,7951.72588238423,-0.0382205737705756,TRUE,0,0,0.0159336281818559,0,0,NA,NA,NA
85,EB031,Posavina I / Sava Aquifer,Croatia,HRV,EUCA,45.1263769296912,17.87281895241,0,8049.88112809305,0.480551098208537,TRUE,0,0,0.0364547702712808,0,0,NA,NA,NA
113,EB032,Srem-West Srem / Sava Aquifer,Croatia,HRV,EUCA,45.2754485797454,19.0602173951103,0,9278.07176100212,0.426105940060067,TRUE,0.000701577410907607,0,0.491091538971527,0,0,-0.860269043706641,NA,-0.860269043706641
113,EB032,Srem-West Srem / Sava Aquifer,Serbia,SRB,EUCA,45.346366649321,19.1831388807118,0,8507.98097878427,-0.148988765238696,TRUE,0.00333980518011658,0,0.478897454484197,0,0,-0.214773280525342,NA,-0.214773280525342
108,EB033,South Western Backa / Dunav Aquifer,Croatia,HRV,EUCA,45.6981212948634,18.9260419376085,0,8378.56637728678,0.980029727609316,TRUE,0,0,0.061758651001595,0,0,NA,NA,NA
108,EB033,South Western Backa / Dunav Aquifer,Serbia,SRB,EUCA,45.6181644128675,19.0399116688348,0,8777.24969959329,-0.0671766325740213,TRUE,0,0,0.4096721705586,0,0,NA,NA,NA
75,EB034,Mura Aquifer,Croatia,HRV,EUCA,46.3267564819923,16.8262128704425,0,8388.98015632114,0.841024619271674,TRUE,0,0,0.207606425302436,0,0,NA,NA,NA
75,EB034,Mura Aquifer,Hungary,HUN,EUCA,46.3706960172759,16.8699350451278,0,8928.97566456563,0.965496506216238,TRUE,0,0,0.307650911044641,0,0,NA,NA,NA
76,EB035,Drava / Drava West Aquifer,Croatia,HRV,EUCA,45.9081575979822,17.4935050785188,0,8566.91823474179,0.956529485016675,TRUE,0.00157194970342192,0,0.473216730558979,0,0,0.829815360343742,NA,0.829815360343742
76,EB035,Drava / Drava West Aquifer,Hungary,HUN,EUCA,45.9740443018407,17.4758172634408,0,9273.63333439928,0.801838225072942,TRUE,0,0,0.203755133718251,0,0,NA,NA,NA
77,EB036,Northeast Backa / Danube -Tisza Interfluve or Backa / Danube-Tisza Interfluve Aquifer,Croatia,HRV,EUCA,45.8690901696271,18.6814290763686,0,9462.67961324831,0.887783726188538,TRUE,0,0,0.564988077241637,0,0,NA,NA,NA
77,EB036,Northeast Backa / Danube -Tisza Interfluve or Backa / Danube-Tisza Interfluve Aquifer,Hungary,HUN,EUCA,45.9199997931001,18.6537155467829,0,8507.40842131883,0.784766137315258,TRUE,0.00236438380010954,0,0.538550899147599,0,0,-0.600266489829081,NA,-0.600266489829081
26,EB040,Mures / Maros alluvial fan aquifer,Hungary,HUN,EUCA,46.5099429465833,20.6920128728938,0.129299061560927,9121.11505649003,-0.688605403932599,TRUE,0.027347955731692,0,0.582605403765977,0,0,0.35147819329378,NA,0.357532660023216
26,EB040,Mures / Maros alluvial fan aquifer,Romania,ROU,EUCA,46.177487593374,21.1130391306825,0.589401572878364,9022.94807595725,0.21472073467159,TRUE,0.0190494136814126,0,0.506119470690791,0,0,0.264305461092763,NA,0.276396825337273
374,EB041,"Körös Valley, Sárrét, Shallow Cri?uri aquifer",Hungary,HUN,EUCA,47.278749791088,21.3563239467308,0.575860988375717,6905.6856176776,0.522422372984963,TRUE,0.0386017667528544,0,0.428492858853446,0,0,0.152282795370252,NA,0.168450428302605
374,EB041,"Körös Valley, Sárrét, Shallow Cri?uri aquifer",Romania,ROU,EUCA,46.7684335812339,21.8576597193642,5.22251177945219,8439.23224401199,0.867137907041278,TRUE,0.00112081379912563,0,0.274464857588247,0,0,-0.0133814114786874,NA,0.372572952395408
375,EB042 - EB043,"Körös ? Cri?uri holocene, pleistocene transboundary aquifer (Hortobágy-Nagykunság Bihar Northern Part)",Hungary,HUN,EUCA,47.5461901868217,21.5167289821045,0.345613279173618,7896.62244607807,0.949561807387456,TRUE,0.0342769944509794,0,0.386162169284075,0,0,0.276966877694495,NA,0.276966877694496
375,EB042 - EB043,"Körös ? Cri?uri holocene, pleistocene transboundary aquifer (Hortobágy-Nagykunság Bihar Northern Part)",Romania,ROU,EUCA,47.4890472927088,22.0596302848084,0.0510827325593216,8775.25792951542,0.98351824134393,TRUE,0,0,0.365384596813092,0,0,NA,NA,NA
87,EB044,"Skadar / Shkoder Lake, Dinaric East Coast Aquifer",Albania,ALB,EUCA,42.0512098604449,19.4791270651749,0.843504192759608,8319.03135840891,0.685471677441265,TRUE,0.139277403937793,2.44306408657604e-05,0.237454326127012,0,0,0.31772089954436,-0.766242293658522,0.317804001003062
87,EB044,"Skadar / Shkoder Lake, Dinaric East Coast Aquifer",Montenegro,MNE,EUCA,42.2362400498878,19.2647118984794,2.50255227061286,9122.89330812373,-0.249584008501342,TRUE,0.0048806185865293,0.00395111006076868,0.0533622725305482,0,0,-0.465707199944725,-0.119763482372751,-0.465707199944725
373,EB046,"Nyírség, keleti rész / Nyírség, east margin aquifer",Hungary,HUN,EUCA,47.8496371672556,22.2368069220391,0.466361687216138,7711.06767933933,0.00439071354328291,TRUE,0.00432839059967183,0,0.279326891182731,0,0,0.515860495492472,NA,-0.0948339774322478
373,EB046,"Nyírség, keleti rész / Nyírség, east margin aquifer",Romania,ROU,EUCA,47.5601885248677,22.713845880304,5.24471516496066,9524.46470900941,-0.378317874312277,TRUE,0.000813645314162879,0,0.246682150287721,0,0,-0.862729240038281,NA,-0.90017889338772
394,EB047,Somes / Szamos alluvial fan aquifer,Hungary,HUN,EUCA,47.9279083880803,22.5595974227799,0.544827611208472,6601.15371177041,0.721283084812586,TRUE,0.00552088580769115,0,0.320243118820988,0,0,-0.221371128090851,NA,-0.285934485902317
394,EB047,Somes / Szamos alluvial fan aquifer,Romania,ROU,EUCA,47.8091462767138,22.9744069409662,0.364777733025247,8130.03322400036,-0.366002612072094,TRUE,0.00604689628512527,0,0.277464661429397,0,0,-0.10724727571668,NA,-0.302093129373979
106,EB048,Macva-Semberija Aquifer,Serbia,SRB,EUCA,44.7917985823484,19.4994140527838,1.11554929360766,8702.59861668836,0.804354134047818,TRUE,0.0234477268497048,0,0.503967735522185,0,0,0.0193906258073655,NA,0.0193906258073655
90,EB049,Tara Massif,Bosnia & Herzegovina,BIH,EUCA,44.0211248091373,19.2514868038735,33.7138606943114,8604.46818956496,0.626591577013897,TRUE,0,0,0,0,0,NA,NA,NA
90,EB049,Tara Massif,Serbia,SRB,EUCA,43.9118631097385,19.4010559083525,33.346013387978,9382.16595756832,0.555954918721935,TRUE,0,0,0,0,0,NA,NA,NA
89,EB050,Lim Aquifer,Montenegro,MNE,EUCA,43.2384414941704,19.5146794964423,28.8155006353157,8988.13331094916,0.0104189960009137,TRUE,0,0,0,0,0,NA,NA,NA
89,EB050,Lim Aquifer,Serbia,SRB,EUCA,43.3220448019171,19.5785940086949,4.99768826050001,8437.31967579123,0.973813066273995,TRUE,0,0,0.000509422449891907,0,0,NA,NA,NA
109,EB051,Pe?ter Aquifer,Montenegro,MNE,EUCA,42.9832003506808,19.9247661965544,19.3380423003204,8825.66820189466,0.830202970399479,TRUE,0,0,0.00165379795875562,0,0,NA,NA,NA
109,EB051,Pe?ter Aquifer,Serbia,SRB,EUCA,43.1230159636048,20.0142821280602,77.7018335649654,9747.96016967127,0.871299359070576,TRUE,0,0,0,0,0,NA,NA,NA
114,EB052,Metohija Aquifer,Montenegro,MNE,EUCA,42.7996096469236,20.2550056000813,0,10000,0.925799233559552,FALSE,0,0,0,0,0,NA,NA,NA
114,EB052,Metohija Aquifer,Serbia,SRB,EUCA,42.8361083689081,20.3594207572135,0,10000,1,FALSE,0,0,0,0,0,NA,NA,NA
114,EB052,Metohija Aquifer,Kosovo,XKX,EUCA,42.7870862734487,20.3191944420926,1.66394659059256,9303.42272894639,0.968994435064451,FALSE,0,0,0,0,0,0.558067542133619,NA,0.558067542133619
88,EB053,Beli Drim / Drini i Bardhë Aquifer,Albania,ALB,EUCA,42.16959368564,20.3468753583384,0,9052.93987537825,0.593179111770293,FALSE,0.0120798518928357,0,0.0068793429788687,0,0,0.101382709736361,NA,0.101382709736361
88,EB053,Beli Drim / Drini i Bardhë Aquifer,Kosovo,XKX,EUCA,42.4965321126271,20.5329105804558,3.59484023157336,8312.68739094046,0.951833351497449,FALSE,0.0414160965441435,0,0.231983583190714,0,0,0.0584730274955091,NA,0.0584730274955091
96,EB054,Tetovo-Gostivar,Macedonia,MKD,EUCA,41.9555114445095,20.8513961823687,37.3353993786428,4530.80525757006,0.841725427462186,FALSE,0.029427824878971,0,0.0931729619684973,0,0,0.819874598562163,NA,0.850616449355815
96,EB054,Tetovo-Gostivar,Kosovo,XKX,EUCA,41.9755182048535,20.7146191828244,46.0321453163646,3379.58358906912,0.985575281790862,FALSE,0,0,0.00178771062833275,0,0,NA,NA,NA
97,EB055,Korab / Bistra - Stogovo Aquifer,Albania,ALB,EUCA,41.7173161007391,20.4826635405973,0,9922.38697017269,0.855200709374135,TRUE,0.000183835316707604,0,0.000700435194725751,0,0,-0.0194883191871289,NA,-0.0194883191871289
97,EB055,Korab / Bistra - Stogovo Aquifer,Macedonia,MKD,EUCA,41.6358316031382,20.6371571569684,6.18926851907973,8115.84871840586,0.806872484389416,TRUE,0,0,0,0,0,NA,NA,NA
98,EB056,Jablanica / Golobordo Aquifer,Albania,ALB,EUCA,41.3086620204313,20.4250046980516,0,9875.31264418544,1,TRUE,0.00102334013388565,0,0.00471583991573719,0,0,0.713428111300046,NA,0.77210092275836
98,EB056,Jablanica / Golobordo Aquifer,Macedonia,MKD,EUCA,41.3824518297628,20.6364065235989,8.81514688922821,8934.33494177394,0.544542361119716,TRUE,0,0,1.4506378782854e-05,0,0,-0.498431101867232,NA,NA
78,EB057,Prespa and Ohrid Lake Aquifer,Albania,ALB,EUCA,40.767665071335,20.8020233322124,1.32986254519412,7847.73707096428,0.57488019599164,TRUE,0.0845785822159598,0,0.17704495019547,0.0832041266096115,0,0.298746946038078,NA,0.307053649931233
78,EB057,Prespa and Ohrid Lake Aquifer,Greece,GRC,EUCA,40.6944171774811,21.0926035421106,0.783114080515733,6336.33810410157,0.948013118091062,TRUE,0.0150607960890204,0.0132373269332004,0.096678752418199,0.0129019095538268,0,-0.00249257294330851,0.421694285352902,-0.00249257294330851
78,EB057,Prespa and Ohrid Lake Aquifer,Macedonia,MKD,EUCA,41.0458221055425,20.8503191756557,3.79633220715257,6801.27311645582,-0.439986435963309,TRUE,0.0263582319553999,0,0.0701545816082882,1.18346497036861e-06,0,0.479606201206953,-0.304996121494687,0.420644334849696
99,EB059,Mourgana Mountain / Mali I Gjerë Aquifer,Albania,ALB,EUCA,40.2847391461146,20.657479450784,0,8274.46623529651,0.231489511350362,TRUE,0.00655741208792889,0,0.0280610297053836,0,0,0.200913599494836,NA,0.200913599494836
99,EB059,Mourgana Mountain / Mali I Gjerë Aquifer,Greece,GRC,EUCA,40.1700691229789,20.7318484475434,0,8553.87840195394,0.41369863307344,TRUE,0,0,0,0,0,NA,NA,NA
82,EB061,Nemechka / Vjosa-Pogoni Aquifer,Albania,ALB,EUCA,40.0952921013899,20.0192959767173,0,8230.06370729732,0.539657336701645,TRUE,0.0126853092234087,0,0.0178714031697201,0,0,-0.114232025849359,NA,-0.116405735293923
82,EB061,Nemechka / Vjosa-Pogoni Aquifer,Greece,GRC,EUCA,39.7745916013192,20.3843148823254,0,6951.92303554619,0.971734808430576,TRUE,0,0,6.32379307234571e-05,0,0,-0.60441362393779,NA,-0.60441362393779
83,EB062,Pelagonia - Florina / Bitolsko Aquifer,Greece,GRC,EUCA,40.8198247084927,21.5522292720413,0.0309013679024964,8779.90321101195,0.156043586946898,FALSE,0.0303725063123386,0.0303725063123386,0.388847475454488,0.00411244718164921,0,0.00678821251070882,0.00678821251070882,0.00678821251070882
83,EB062,Pelagonia - Florina / Bitolsko Aquifer,Macedonia,MKD,EUCA,40.9637138402464,21.5011089675708,8.17447291974215,8085.62074360738,0.977204304273317,FALSE,0.173933781899031,0.042422642844095,0.438902857373731,0,0,0.0987201499400445,-0.527403671379757,0.0987201499400445
84,EB063,Systima Axiou,Greece,GRC,EUCA,40.9149468528873,22.6000289374656,0.000748018570972075,7100.66866858019,0.0771271701445115,FALSE,0.22766217888942,0,0.433423403865934,0.00909573012585771,0,0.357785155782297,NA,0.357785155782297
84,EB063,Systima Axiou,Macedonia,MKD,EUCA,41.2365315340668,22.4137261047594,15.1700802343302,7346.67146980013,0.925768197296433,FALSE,0.0200646983574311,0,0.0504674987669486,0,0,0.0727390840652266,NA,0.110913536665587
384,EB064 - EB066,Dojran / Doirani Lake aquifer,Greece,GRC,EUCA,41.2426250703802,22.8136961436917,0,8090.13437637081,1,FALSE,4.53401764043289e-05,0,0.412128069756328,0,0,-0.723246952383958,NA,-0.723246952383958
384,EB064 - EB066,Dojran / Doirani Lake aquifer,Macedonia,MKD,EUCA,41.3121793672469,22.6261097309866,9.0273874405119,9834.2853516698,0.941656235474801,FALSE,0.00519779653034618,0,0.0133527890696137,0,0,-0.345399113587808,NA,-0.345399113587808
79,EB067 - EB069,Sandansky-Petrich Aquifer ; Sandansky Valley Aquifer ; Petrich Valley Aquifer,Bulgaria,BGR,EUCA,41.4369111155143,23.0617418897785,2.70123972020817,7925.14783577554,0.776412113732503,FALSE,0.00141273212002098,0,0.0134159875326226,0,0,-0.0902487318069387,NA,-0.0764786616042363
79,EB067 - EB069,Sandansky-Petrich Aquifer ; Sandansky Valley Aquifer ; Petrich Valley Aquifer,Greece,GRC,EUCA,41.2774896581177,23.040590368418,0,7642.07732628258,0.0168857584636417,FALSE,0.00269695988058555,0,0.147866837510434,0,0,-0.361047581181384,NA,-0.261846476444563
79,EB067 - EB069,Sandansky-Petrich Aquifer ; Sandansky Valley Aquifer ; Petrich Valley Aquifer,Macedonia,MKD,EUCA,41.4599546105289,22.8883713226012,0.262153950683437,8294.647249884,0.601298479801568,FALSE,0.0383036704416881,0,0.0214365745215307,0,0,0.320122455746893,NA,0.280386871866455
95,EB070,The former Yugoslav Republic of Macedonia - Central Serbia,Macedonia,MKD,EUCA,42.0017253104106,21.3888707123591,1.05148783314345,8239.2308379529,0.819299024992373,FALSE,0.00689325159144438,0,0.0904741315323129,0,0,0.18507456361054,NA,0.206184569220446
95,EB070,The former Yugoslav Republic of Macedonia - Central Serbia,Kosovo,XKX,EUCA,42.4587754384544,21.1928046246646,0.0438096826033036,6694.50428394566,0.430308524850998,FALSE,0.0565665118847963,0,0.353374196783519,0,0,0.0878549728513341,NA,0.124063106370859
94,EB071,The former Yugoslav Republic of Macedonia - SW Serbia,Macedonia,MKD,EUCA,42.2017581937752,21.9596513664609,5.91958375680328,8019.21206143803,0.281909314291395,FALSE,0.00485318244513495,0,0.141807062005996,0,0,0.0784145900059294,NA,-0.143705012105164
94,EB071,The former Yugoslav Republic of Macedonia - SW Serbia,Serbia,SRB,EUCA,42.4688363751745,21.9570567426816,13.8337901396718,8606.43350195861,-0.767001971805006,FALSE,0.00103814546882671,0,0.0860218057092688,0,0,-0.484504637939242,NA,-0.484504637939242
93,EB072,Zemen,Bulgaria,BGR,EUCA,42.4752499039438,22.6671233337941,0,7228.20764442412,0.205457968390242,FALSE,0,0,0.000248396132632627,0,0,0.474612257360139,NA,0.609971916202351
93,EB072,Zemen,Serbia,SRB,EUCA,42.5247266011473,22.4036724614731,2.24306067829014,6501.71256107554,-0.365629776061844,FALSE,0,0,0,0,0,NA,NA,NA
104,EB073,Stara Planina / Salasha Montana Aquifer,Bulgaria,BGR,EUCA,43.5809851910365,22.8206626383597,0.376341367450989,8708.07841421814,0.367703938745885,TRUE,0.00987245256075339,0,0.213141647072829,0,0,0.224057851648498,NA,0.25559428098736
104,EB073,Stara Planina / Salasha Montana Aquifer,Serbia,SRB,EUCA,43.6777708041243,22.5498501825159,13.0235340702703,6506.08687046564,-0.396238746392567,TRUE,0.00189719021515245,0,0.0860473212024066,0,0,-0.0314228022531613,NA,-0.0314228022531613
91,EB075,Miroc & Golubac,Romania,ROU,EUCA,44.620396948094,22.1160794231875,13.5292039523299,8515.47181467703,-0.304473423308967,TRUE,0,0,0,0,0,NA,NA,NA
91,EB075,Miroc & Golubac,Serbia,SRB,EUCA,44.4902824949603,22.0950092384234,0.0669171589696856,10000,0.835471169004584,TRUE,0,0,0,0,0,0.114519216998272,NA,NA
92,EB076,Dacian Basin,Romania,ROU,EUCA,44.6694317233611,22.613641947702,2.50646695134183,9427.1858228173,0.56893459076438,TRUE,0.0141446392817566,0,0.0575338326673382,0,0,-0.299877391227851,NA,-0.306114127549391
92,EB076,Dacian Basin,Serbia,SRB,EUCA,44.582654297763,22.4906399468212,8.05161129449302,9564.48054731614,0.170896217012484,TRUE,0.00482877637528503,0,0.106241136937575,0,0,0.0366892089559073,NA,0.0986302694956759
385,EB077,Orvilos-Agistros / Gotze Delchev aquifer,Bulgaria,BGR,EUCA,41.4794995821795,23.6326386727292,0.44875730113077,5946.67223324748,0.121210828933208,FALSE,0.000438647410098618,0,0.00411382258029959,0,0,-0.119057692230794,NA,-0.456775752465587
385,EB077,Orvilos-Agistros / Gotze Delchev aquifer,Greece,GRC,EUCA,41.366344653056,23.5529288693269,0,3952.68102189781,0.642199466104783,FALSE,0.00020837631938011,0,0.0195070681563166,0,0,0.671924153889836,NA,0.671924153889836
381,EB078,Nastan-Trigrad,Bulgaria,BGR,EUCA,41.6304674964011,24.4219417191771,9.86618281725018,5567.24290515482,-0.7946036395533,FALSE,0,0,0,0,0,-0.84154414533582,NA,-0.84154414533582
381,EB078,Nastan-Trigrad,Greece,GRC,EUCA,41.4295830613852,24.3670655699139,27.0043973430391,7541.84007827576,0.635908816428154,FALSE,0,0,0,0,0,NA,NA,NA
382,EB079,Smolyan,Bulgaria,BGR,EUCA,41.4763706568244,24.7375084920802,8.33324395529122,7546.76152316163,0.0839297867803287,FALSE,5.53863797847821e-05,0,0.000129892383071279,0,0,0.258959473673387,NA,0.258959473673387
382,EB079,Smolyan,Greece,GRC,EUCA,41.3246708802918,24.7234732732796,42.9967913491324,6970.15527183191,0.411080971964791,FALSE,0,0,0.000290731737330198,0,0,0.377596115642243,NA,0.380261450008922
379,EB080,Rudozem,Bulgaria,BGR,EUCA,41.4029059049929,25.0319980393173,0,7548.13032141604,0.873094470680746,FALSE,0,0,0.0001868833357086,0,0,-0.838134423018644,NA,-0.838134423018644
379,EB080,Rudozem,Greece,GRC,EUCA,41.3177198372131,25.0174087638445,11.7056298853188,6516.26168763708,0.968512057171685,FALSE,0,0,0.0019741964997578,0,0,0.21423667016079,NA,0.21423667016079
380,EB081,Erma Reka,Bulgaria,BGR,EUCA,41.3197768698748,25.2429847957488,22.8856668613357,7640.7496970299,0.852366976004234,FALSE,0.000667846383228092,0,0,0,0,0.177838175676071,NA,0.177838175676071
380,EB081,Erma Reka,Greece,GRC,EUCA,41.2386917857771,25.2147755966117,59.9471012981238,5300.90987349583,0.849901272755316,FALSE,6.40423747637753e-05,0,0.000561101770507053,0,0,0.409152928025271,NA,0.409152928025271
100,EB082,Evros / Meriç,Greece,GRC,EUCA,41.0281641262526,26.2372558247172,0.151715181113126,6576.66356794549,0.892661757824642,TRUE,0.121152000153649,0,0.270829027487662,0.121048417265166,0,-0.294500692272285,NA,-0.294500692272285
100,EB082,Evros / Meriç,Turkey,TUR,EUCA,41.00241218258,26.364425497021,0,6919.26681854888,0.360006668512896,TRUE,0.199798338964454,0,0.481750450599033,0.199634879085306,0,-0.201203047138675,NA,-0.201203047138675
383,EB083,Orestiadas System,Bulgaria,BGR,EUCA,41.808628785538,26.06634192714,2.63671777911782,7188.29753768601,0.749598630209996,TRUE,0.0292702167103687,0,0.249103864841487,0,0,-0.224725269915726,NA,-0.224725269915726
383,EB083,Orestiadas System,Greece,GRC,EUCA,41.7282437420236,26.2616235379931,0,5649.14260869565,0.979927466892086,TRUE,0.0788299858777032,0,0.291255925709237,0,0,-0.453957474040267,NA,-0.453957474040267
383,EB083,Orestiadas System,Turkey,TUR,EUCA,41.7661782534338,26.3725271535993,0,7620.11594124926,0.964507419306844,TRUE,0,0,0.6017957447996,0,0,-0.813964637112055,NA,-0.813964637112055
80,EB085,Topolovgrad Massif Aquifer,Bulgaria,BGR,EUCA,42.0472531957804,26.4842356487565,3.63627454455664,7727.95366065662,0.88598946451908,TRUE,0,0,0.0645338133401771,0,0,-0.267234326938089,NA,NA
80,EB085,Topolovgrad Massif Aquifer,Turkey,TUR,EUCA,41.9012093612103,26.8767916896204,0,7820.50373126813,0.827378162719426,TRUE,0.000945512712712219,0,0.275791798087013,0,0,0.0619850533732184,NA,0.765903805856917
105,EB086,Malko Tarnovo Karst waterbearing massif,Bulgaria,BGR,EUCA,42.1069656469069,27.4771502409842,1.03195209392697,8099.62773572355,0.893898344481907,FALSE,0.000110524485883609,0,0.000271050393299883,0,0,-0.708112868397292,NA,NA
105,EB086,Malko Tarnovo Karst waterbearing massif,Turkey,TUR,EUCA,41.8117790268559,27.6433815535039,0,9706.56674842821,-0.154914161705459,FALSE,0.000807549081921534,0,0.00905823738488594,0,0,0.448050231283829,NA,NA
7,EB087,Dobrudja / Dobrogea Neogene  Sarmatian aquifer,Bulgaria,BGR,EUCA,43.7354211683694,27.7023203789901,0.813906881488353,9471.3965447142,-0.344168012276729,TRUE,0.00606178156918788,0,0.523602979969856,0,0,-0.516879372799656,NA,-0.650085379771651
7,EB087,Dobrudja / Dobrogea Neogene  Sarmatian aquifer,Romania,ROU,EUCA,43.9538283807534,28.2952221523489,0.0509413329220556,7929.49140673084,0.924255522473303,TRUE,0.240243844909374,0,0.562464062932009,0,0,0.102674851397181,NA,0.108482834223533
8,EB088,Dobrudja / Dobrogea Upper Jurassic - Lower Cretaceous Aquifer,Bulgaria,BGR,EUCA,43.695537426835,26.8190677024053,2.30895233574944,9732.08083116529,-0.50223190014909,TRUE,0.0175043700604536,0,0.434239685444154,0,0,-0.258859642299379,NA,-0.268483828879563
8,EB088,Dobrudja / Dobrogea Upper Jurassic - Lower Cretaceous Aquifer,Romania,ROU,EUCA,44.0776112915677,27.0814485590007,1.4177753763502,8336.44944462427,0.433902370168414,TRUE,0.214951107248578,0,0.525534189474178,0,0,0.156543527284017,NA,0.159215256490641
101,EB089,Danube-Prut,Moldova,MDA,EUCA,45.7822303274477,28.2980850268749,0.777856863208993,9539.37876414535,0.198951329386716,TRUE,0.0616931243384482,0,0.4170892876295,0.00534934932004275,0,-0.409102618155669,NA,-0.902448303035251
101,EB089,Danube-Prut,Romania,ROU,EUCA,45.3404236852362,28.7981311289463,28.6235860812634,6415.16937011372,0.314300347222026,TRUE,0.0230112110571574,0,0.227137170796485,0,0,-0.242084910017268,NA,-0.104894166236158
101,EB089,Danube-Prut,Ukraine,UKR,EUCA,45.4531714857321,28.9856841926014,2.84861134963377,8115.40555778122,0.840503792183786,TRUE,0.131507259565075,0,0.373573189609187,0.0798459429743643,0,0.188074034283805,NA,-0.522468706883531
15,EB090,Middle Sarmantian Pontian Aquifer,Moldova,MDA,EUCA,46.6844839176526,28.1306787733923,0.668069646393103,7721.61522633745,0.993410142716479,TRUE,0.020801321006412,0,0.119890425305504,0,0,-0.0395961685277091,NA,0.0281157805337052
15,EB090,Middle Sarmantian Pontian Aquifer,Romania,ROU,EUCA,46.6932944357814,27.4268224352311,8.8678932559234,9718.34649954084,-0.820635760006691,TRUE,0.0112792665366921,0,0.256527928763412,0,0,-0.262033526453421,NA,-0.274136013042977
102,EB091,Prut,Moldova,MDA,EUCA,47.881937725096,27.4109285264962,0,9859.7852945693,0.538493232743373,TRUE,0.033579534609784,0,0.375491958718604,0,0,-0.357379001698832,NA,-0.83472733491184
102,EB091,Prut,Romania,ROU,EUCA,47.6309488667896,27.2067641961614,3.41072996395861,9901.18510822783,0.179390966311462,TRUE,0.017123123423954,0,0.323432255365606,0,0,-0.389178336432515,NA,-0.32184066892505
416,EB092,Piva,Bosnia & Herzegovina,BIH,EUCA,43.0794543624603,18.6117501265513,0,10000,0.934033004758594,TRUE,0,0,0,0,0,NA,NA,NA
416,EB092,Piva,Montenegro,MNE,EUCA,43.0624193016289,18.7570635666428,3.4803870185058,10000,0.999952224103227,TRUE,0,0,0,0,0,NA,NA,NA
417,EB093,Cijevna / Cemi Aquifer,Albania,ALB,EUCA,42.4502197279809,19.6008162333409,0,6453.42828969909,1,TRUE,0.000438978364282917,0.000224428339817561,0.00689115460378604,0,0,-0.359851009719513,-0.793715639373837,-0.359851009719513
417,EB093,Cijevna / Cemi Aquifer,Montenegro,MNE,EUCA,42.4306975425535,19.4234679695564,0,9768.32643231695,0.995054494376539,TRUE,0.000867881393591845,0.000858833847152244,0.00948429151652232,0,0,0.112202190736613,0.2686435905529,0.0873269702355455
369,EU001,Low Miño / Minho,Spain,ESP,EUCA,42.0321422031898,-8.65066359460264,0,3778.27903735681,0.912984686437042,TRUE,0.000150138225107777,0.000146378899486631,0.00238472629720257,0,0,-0.0672096173754066,-0.178913420835338,-0.0672096173754066
369,EU001,Low Miño / Minho,Portugal,PRT,EUCA,42.0231660178422,-8.60460303772876,0,4319.96118721461,0.998313125345075,TRUE,0.00656649046625911,0.00656649046625911,0.00800393198222128,0,0,0.784294828136706,0.784294828136706,0.784294828136706
370,EU008,Ciudad Rodrigo,Spain,ESP,EUCA,40.5376270159067,-6.64476066898723,0,7719.60714285714,0.986963287081194,TRUE,0.0193145008790882,0,0.0463381610502112,0,0,0.354927582298393,-0.909864072135174,0.362987987131984
370,EU008,Ciudad Rodrigo,Portugal,PRT,EUCA,40.4884305279721,-6.82419656198221,0,7876.78378378378,0.986402115641576,TRUE,0,0,0.01661226183693,0,0,0.914438233199877,0.914438233199877,0.914438233199877
372,EU009,Moraleja Aquifer,Spain,ESP,EUCA,40.0565872454001,-6.71337386450842,5.69100194261435,7196.48627639426,0.334655094929257,TRUE,0.14444218643972,0.000129899080586153,0.332445469487161,0,0,0.170862976412805,-0.891978930367366,0.203554021811381
73,EU010,Detrital Aquifer of the Guadiana Middle Basin,Spain,ESP,EUCA,38.8597595361197,-6.66422080675259,0.0835798072212299,6316.68094277047,-0.125495128478701,TRUE,0.0779755659334451,0,0.258728343211281,0.0771616437732657,0.00565047059217061,-0.273619458442856,NA,-0.273619458442856
73,EU010,Detrital Aquifer of the Guadiana Middle Basin,Portugal,PRT,EUCA,38.9655273674224,-7.05094084146977,0,6140.81530595942,0.947298167860081,TRUE,0.228987092756402,0,0.458581116282669,0.215632597961886,0,0.00685926762578448,NA,0.00685926762578448
413,EU024,Nappe du Genevois,Switzerland,CHE,EUCA,46.1692038158081,6.11459269212391,0,9411.92731468128,0.924245022436248,TRUE,0,0,0.109887057775143,0,0,NA,NA,NA
413,EU024,Nappe du Genevois,France,FRA,EUCA,46.1501398606698,6.0819957203019,0,10000,0.987789470703712,TRUE,0,0,0.266786016147307,0,0,NA,NA,NA
376,EU035,Thermalwasser im Tiefen Malmkarst des südbayerischen und oberösterreichischen Molassebeckens,Austria,AUT,EUCA,48.2171532242589,13.5543448045827,0,8307.02367702587,-0.721171179731781,TRUE,0.000985415818896718,0.000985415818896718,0.0826775895068798,0,0,0.663844596530052,0.663844596530052,0.663844596530052
376,EU035,Thermalwasser im Tiefen Malmkarst des südbayerischen und oberösterreichischen Molassebeckens,Germany,DEU,EUCA,48.630561341667,12.6696244063668,0,8942.01305484439,-0.939492732163923,TRUE,0.00339847475702311,0.00302498072360106,0.0247983688914648,0,0,0.477547564219292,0.47422187902617,0.47422187902617
393,EU077,"Szigetköz, Hanság-Rábca / Podunajska Basin, Zitny Ostrov",Hungary,HUN,EUCA,47.8251004206387,17.3343714430241,0,8532.7394491505,0.870984428632808,TRUE,0.0584992515904481,0.00885528928495322,0.405464104561334,0,0,0.00491571765564547,-0.884929610415417,0.00990913302161045
393,EU077,"Szigetköz, Hanság-Rábca / Podunajska Basin, Zitny Ostrov",Slovakia,SVK,EUCA,48.0013152826091,17.5678386274379,0,8980.11931807283,0.930705622184079,TRUE,0.171842033945827,0.00269128989135589,0.483520285093162,0,0,0.195829310417808,-0.770561851728893,0.192872487124339
395,EU081,Ipoly Völgy / Alúvium Ipla,Hungary,HUN,EUCA,48.0692978393414,19.2597253476653,0,9614.08061752664,0.952826662463762,TRUE,0.000171414101479247,0,0.191504664368864,0,0,-0.990773820499458,NA,-0.990773820499458
395,EU081,Ipoly Völgy / Alúvium Ipla,Slovakia,SVK,EUCA,48.1009609289231,19.1816760576357,0,9368.29367702724,0.975703421717475,TRUE,0.00330289328077404,0,0.419653885209998,0,0,0.100881658481365,NA,0.100881658481365
23,EU082,Slovensky Kras / Aggtelek Aquifer,Hungary,HUN,EUCA,48.4672247467543,20.6284984957122,0,9927.39470969448,0.394865320546173,TRUE,5.52396698811849e-07,0,0.000149986641852719,0,0,-0.910831089572586,NA,-0.888801641183943
23,EU082,Slovensky Kras / Aggtelek Aquifer,Slovakia,SVK,EUCA,48.5976306806152,20.5882350992978,0,9226.93604438163,0.942540485805634,TRUE,2.13234149150213e-06,0,0.0120223796803662,0,0,0.190758658308814,NA,0.238759375276483
377,EU083,Bodrog Aquifer,Hungary,HUN,EUCA,48.2782765293753,21.7242760707402,0,7620.59654234044,-0.722166882108193,TRUE,0.00469501253740849,0,0.30360189186875,0,0,-0.361038960087225,NA,-0.627842417160658
377,EU083,Bodrog Aquifer,Slovakia,SVK,EUCA,48.604485051848,21.929490611584,0,7917.20757508743,-0.765299454705931,TRUE,0.0158123947917023,0,0.373363736473559,0,0,-0.307725963376847,NA,-0.302542965714146
378,EU084,Siret,Romania,ROU,EUCA,47.798049023775,26.2362333329107,0.929912500530625,9724.4226596939,-0.846975989356208,TRUE,0.00164558218428096,0,0.249233124628862,0,0,0.0130227437738888,NA,0.0789914067612574
378,EU084,Siret,Ukraine,UKR,EUCA,48.0569017798051,26.0723903841886,0.0133351737932891,9329.95682167359,-0.218836306835315,TRUE,0.01026044840651,0,0.206240083116831,0,0,0.227283892507661,NA,NA
304,EU085,Dniester,Moldova,MDA,EUCA,47.4210527629603,29.01491944662,0.331221769581876,9749.07441715015,-0.333582563465678,TRUE,0.0757831373217327,0,0.399312548177328,0,0,-0.132192185218102,NA,NA
304,EU085,Dniester,Ukraine,UKR,EUCA,47.5065593252446,29.3142447825475,0,9797.69185570451,0.44348067389072,TRUE,0.0172192572333044,0,0.426805595247551,0,0,-0.426401070663493,NA,NA
305,EU086; EU088 - EU089,Cenomanian Terringeous Aquifer; Upper Proterozoic Terringenous Aquifer; Pripyat,Belarus,BLR,EUCA,51.8649099995287,27.6409807260092,4.82945458614285,8338.24122470747,-0.259385242139228,TRUE,0.000440062752037088,0,0.000672078380443362,0,0,0.228474676802391,NA,0.228474676802391
305,EU086; EU088 - EU089,Cenomanian Terringeous Aquifer; Upper Proterozoic Terringenous Aquifer; Pripyat,Ukraine,UKR,EUCA,51.4803719425494,27.7154930604684,0.532445450370077,8606.23471278037,-0.147777168758535,TRUE,1.17453079268956e-05,0,0.00577654885791502,0,0,0.188061079293187,NA,-0.911094614824504
137,EU087; EU094,Paleogene-Neogene Terringenous Aquifer; Cenomanian Carbonate-Terrigenous Aquifer,Belarus,BLR,EUCA,51.9991070976986,30.870769058269,0,7196.95074843072,0.895688085674234,TRUE,0,0,0,0,0,NA,NA,NA
137,EU087; EU094,Paleogene-Neogene Terringenous Aquifer; Cenomanian Carbonate-Terrigenous Aquifer,Ukraine,UKR,EUCA,51.9653476354334,30.9121550386374,0,7550.61108506049,0.816880363631818,TRUE,0,0,0,0,0,NA,NA,NA
317,EU108,Cambrian-Ordovician Aquifer System,Estonia,EST,EUCA,58.8859169186011,25.2367396206765,1.66332473477927,6966.71366355816,-0.91588732391447,TRUE,0,0,0.00332142641685227,0,0,NA,NA,NA
317,EU108,Cambrian-Ordovician Aquifer System,Russia,RUS,EUCA,59.6881425219217,32.3046845733966,19.4212197514421,8331.77559785576,-0.993518601084874,TRUE,0,0,0.00210837183534388,0,0,NA,NA,NA
316,EU109,Cambrian-Vendian-Voronka Aquifer System,Estonia,EST,EUCA,59.228341330859,25.578876168321,1.40664103697292,6700.22251764237,-0.833603348939354,TRUE,0,0,0.00123499378418371,0,0,NA,NA,NA
316,EU109,Cambrian-Vendian-Voronka Aquifer System,Russia,RUS,EUCA,59.8283759390386,31.948935983169,17.9438881597108,8072.23474964386,-0.910880305944302,TRUE,0,0,0.00212225236418104,0,0,NA,NA,NA
138,EU112,Upper Devonian Terrigenous-Carbonate Aquifer,Belarus,BLR,EUCA,54.6673358563172,30.9712601747235,0,10000,0.373766736288439,TRUE,0.00265303939753965,0,0,0,0,0.0646988592703707,NA,0.0646988592703707
138,EU112,Upper Devonian Terrigenous-Carbonate Aquifer,Russia,RUS,EUCA,54.7402471686193,31.0477985268216,0,10000,0.974077187231599,TRUE,0,0,0,0,0,NA,NA,NA
66,EU123,Kanunkankaat Aquifer,Finland,FIN,EUCA,62.1865966484875,30.6005506628511,6.57367675221473,4987.70656220156,0.979380569475266,FALSE,0,0,0,0,0,NA,NA,NA
66,EU123,Kanunkankaat Aquifer,Russia,RUS,EUCA,62.133303946513,30.6544324748156,1.44597552900462,5438.30363393273,0.974274575314269,FALSE,0,0,0,0,0,NA,NA,NA
358,EU284,Quaternary aquifer system; Upper-Devonian (P?avi?as?Ogre) aquifer system; Upper-Middle-Devonian (Aruküla?Amata) aquifer system; Lower-Middle-Devonian aquifer system,Estonia,EST,EUCA,57.8763143426974,26.0091339428736,1.28648832735479,7549.23440846351,0.96507973184884,TRUE,0,0,0.00646110559255912,0,0,NA,NA,NA
358,EU284,Quaternary aquifer system; Upper-Devonian (P?avi?as?Ogre) aquifer system; Upper-Middle-Devonian (Aruküla?Amata) aquifer system; Lower-Middle-Devonian aquifer system,Latvia,LVA,EUCA,57.6670019499983,25.7668144524939,1.16964174550353,8576.13624772469,0.852169571697726,TRUE,0,0,0.00530579438759251,0,0,NA,NA,NA
22,EU301,Quartair en pliomioceenzand van de Schelde / Sables quaternaires et plio-miocènes de l'Escaut,Belgium,BEL,EUCA,51.2935178261172,4.29185518777039,0,8821.27099851494,0.97382670459963,FALSE,0.00256211441989263,0.00256211441989263,0,0,0,-0.702766574226316,-0.702766574226316,-0.702766574226316
22,EU301,Quartair en pliomioceenzand van de Schelde / Sables quaternaires et plio-miocènes de l'Escaut,Netherlands,NLD,EUCA,51.4660658036298,3.83742234727287,0.0183664051082852,7969.62029136641,0.213348158297309,FALSE,0.0115364571573291,0.00388785220753271,0,0,0,-0.0110459669128542,-0.237632971091112,-0.0110459669128529
21,EU302,Quartair en oligoceenzand in de polders / Sables quaternaires et oligocènes des polders,Belgium,BEL,EUCA,51.2595369526592,3.67912738242739,0,6994.51355832486,0.89297518919302,FALSE,0.00160443765688483,0.000239273292398858,0,0,0,-0.51390204771135,-0.834596387884081,-0.51390204771135
21,EU302,Quartair en oligoceenzand in de polders / Sables quaternaires et oligocènes des polders,Netherlands,NLD,EUCA,51.4659669420142,3.83737131569924,0.0183581374453998,7969.05866057873,0.132000006719562,FALSE,0.011530413587611,0.00388522898727648,0,0,0,-0.0110459669128542,-0.237632971091112,-0.0110459669128529
20,EU303,Quartair en oligoceenzand aan de kust / Sables quaternaires et oligocènes de la côte,Belgium,BEL,EUCA,51.1714429844938,2.95665177032179,0,7245.39788323176,0.842520450239253,TRUE,0.0056329720332029,0.0047520593491603,0,0,0,0.133438927207014,0.105930903910032,0.105930903910032
20,EU303,Quartair en oligoceenzand aan de kust / Sables quaternaires et oligocènes de la côte,Netherlands,NLD,EUCA,51.4660479498839,3.83733977338294,0.0183647145717447,7969.56425012361,0.192524958721588,TRUE,0.0115344616777955,0.00388659301096987,0,0,0,-0.0110459669128542,-0.237632971091112,-0.0110459669128529
9,EU304,Duinen en polders Oost-Vlaanderen / Dunes et polders de Flandre Orientale,Belgium,BEL,EUCA,51.257535996114,3.66970956215147,0,6951.53808086307,0.832147128013418,FALSE,0.00245304604971592,3.13330047790412e-05,0,0,0,-0.55265816659186,NA,-0.55265816659186
9,EU304,Duinen en polders Oost-Vlaanderen / Dunes et polders de Flandre Orientale,Netherlands,NLD,EUCA,51.3516056647144,3.75035049683156,0,7398.41098460881,NA,FALSE,0.00768533314813568,0.000103557784340893,0,0,0,0.298424263334571,-0.856504566650224,0.298424263334572
30,EU305,Duinen en kustgebieden / Dunes et zones côtières,Belgium,BEL,EUCA,51.2247828054536,3.0328854860874,0,7734.15112238775,NA,FALSE,0.00618190236461868,0.00618190236461868,0,0,0,-0.156578191257023,-0.253603187711938,-0.253603187711938
30,EU305,Duinen en kustgebieden / Dunes et zones côtières,Netherlands,NLD,EUCA,51.6770909069544,3.68906145635939,0.576982561711523,8005.7982340884,NA,FALSE,0,0,0,0,0,NA,NA,NA
4,EU306,Kempens zand / Sables de Campine,Belgium,BEL,EUCA,51.129688937241,4.87478523394507,0,7237.97398432993,NA,TRUE,0.00335285169910659,0.00296514766399343,0,0,0,0.154395633659282,0.121177013602206,0.121177013602206
4,EU306,Kempens zand / Sables de Campine,Netherlands,NLD,EUCA,51.3904425395838,4.26295623059103,0,6105.82554383965,NA,TRUE,0.0185643012740947,0.0153852784398893,0,0,0,0.0910614855767174,0.159132908219357,0.091061485576724
16,EU307,Oligoceenzand / Sables Oligocènes,Belgium,BEL,EUCA,51.1863424490708,4.16226762129279,0,7315.62014516845,NA,FALSE,0.00396150889372041,0.00359199558837796,0,0,0,-0.564857997622034,-0.564857997622034,-0.564857997622034
16,EU307,Oligoceenzand / Sables Oligocènes,Netherlands,NLD,EUCA,51.3607304949711,3.74958286392306,0.000172435571882082,7755.89036400378,NA,FALSE,0.00794901392683709,6.20793534367372e-05,0,0,0,0.167311842906418,-0.886256275736693,0.167311842906422
19,EU308,Alluviale afzettingen van het Pleistoceen / Dépôts alluviaux du Pléistocène,Belgium,BEL,EUCA,50.9706194617995,3.71082110709069,0,7929.88509107758,NA,TRUE,0.00208536358042916,0.00184409061493618,0,0,0,-0.230454778982601,-0.230454778982598,-0.230454778982598
19,EU308,Alluviale afzettingen van het Pleistoceen / Dépôts alluviaux du Pléistocène,Netherlands,NLD,EUCA,51.3909875179012,4.25943110862795,0,6106.11891831632,NA,TRUE,0.0185528701462525,0.0153655701469891,0,0,0,0.0936863535722195,0.154338226874697,0.0936863535722074
17,EU309,Zandlaag van Orchies / Sables d'Orchies,Belgium,BEL,EUCA,50.4736362351004,3.67392955179665,0,9995.93527457697,NA,TRUE,0.00286339946320309,0.000954571919996867,0.00140458144416534,0,0,-0.0782920430084217,0.271349185539471,0.000520160835615235
17,EU309,Zandlaag van Orchies / Sables d'Orchies,France,FRA,EUCA,50.4316872742798,3.25938843183833,0,9475.17550335311,NA,TRUE,0.00700624678613237,0,0.146664591375595,0,0,0.208621349695225,NA,0.208621349695227
10,EU310,Vlaamse zandlaag / Sables des Flandres,Belgium,BEL,EUCA,50.8918208970905,2.98461686341143,0,8026.13504847984,NA,TRUE,0.00425672553202275,0.0028003847844637,0.0014492410071972,0,0,0.449368481614848,0.819213788882136,0.627440100754415
10,EU310,Vlaamse zandlaag / Sables des Flandres,France,FRA,EUCA,50.7820942256629,2.5055082835204,0,8743.56775911743,NA,TRUE,0.0275432463392254,0,0.216316314820793,0,0,0.15659845018234,NA,0.156598450182339
5,EU311,Kolenkalk / Calcaires du Carbonifère,Belgium,BEL,EUCA,50.6766589750021,3.36297463246387,0,9457.15153125406,NA,TRUE,0.000801220650446444,0,0.000391643002821725,0,0,-0.881257361182656,NA,-0.881257361182656
5,EU311,Kolenkalk / Calcaires du Carbonifère,France,FRA,EUCA,50.6283553311542,3.14120773459759,0,9192.79203818645,NA,TRUE,0.0083508407637856,0,0.00728394333554151,0,0,0.235795402566474,NA,0.235795402566472
6,EU312,Krijtlaag van de Deûle / Craie de la Deûle,Belgium,BEL,EUCA,50.6091996356954,3.32154783934913,0,9987.552381917,NA,TRUE,0,0,0,0,0,NA,NA,NA
6,EU312,Krijtlaag van de Deûle / Craie de la Deûle,France,FRA,EUCA,50.5835611813945,2.96027987911094,0,9319.13975638157,NA,TRUE,0.016971908011768,0,0.0257867402390765,0,0,0.0440760221094183,NA,0.0440760221094191
29,EU313,Krijtlaag Valenciennes-Bergen / Craies de Valenciennes-Mons,Belgium,BEL,EUCA,50.4150614161566,3.93153324211455,0,9999.94241384396,NA,FALSE,0.000552104282824899,0.000410503090581612,0,0,0,0.190283920880645,0.0593428239173218,0.0593428239173218
29,EU313,Krijtlaag Valenciennes-Bergen / Craies de Valenciennes-Mons,France,FRA,EUCA,50.2758999403148,3.68389787320847,0,9549.74470577441,NA,FALSE,0.00334222927806378,2.23813814930835e-07,0.0544546164635592,0,0,-0.143144530030061,NA,-0.143144530030054
14,EU314,Magnor / Kortlanda-Eda glasbruk,Norway,NOR,EUCA,60.0300607850901,12.131268539304,0,5696.87110834371,NA,FALSE,0.00156370269092684,0,0,0,0,-0.988160032223881,NA,-0.988160032223881
14,EU314,Magnor / Kortlanda-Eda glasbruk,Sweden,SWE,EUCA,59.8798493687724,12.2711410402816,0.114575568579414,7464.23194025564,NA,FALSE,0,0,0,0,0,-0.88145700546701,NA,-0.88145700546701
24,EU315,Svullrya / Lekvattnet-Rottnemon,Norway,NOR,EUCA,60.3845577914821,12.4150812896837,0,2014.03828828829,NA,FALSE,0,0,0,0,0,NA,NA,NA
24,EU315,Svullrya / Lekvattnet-Rottnemon,Sweden,SWE,EUCA,60.227467312663,12.5860605163505,0,-1,NA,FALSE,0,0,0,0,0,NA,NA,NA
418,EU317,Petzen / Peca (part of the Karawanken / Karavanke transboundary groundwater body),Austria,AUT,EUCA,46.5196247193737,14.7566357948228,0,9184.63924361493,NA,TRUE,0,0,0,0,0,NA,NA,NA
418,EU317,Petzen / Peca (part of the Karawanken / Karavanke transboundary groundwater body),Slovenia,SVN,EUCA,46.4935124092251,14.8144330674247,0,9455.90538163911,NA,TRUE,0,0,0,0,0,NA,NA,NA
420,EU318,Uschowa / Ol?eva (part of the Karawanken / Karavanke transboundary groundwater body),Austria,AUT,EUCA,46.4540202823439,14.6655345975091,0,8055.52991452992,NA,TRUE,0,0,0,0,0,NA,NA,NA
420,EU318,Uschowa / Ol?eva (part of the Karawanken / Karavanke transboundary groundwater body),Slovenia,SVN,EUCA,46.449371485892,14.6996800662676,0,8583.00872219799,NA,TRUE,0,0,0,0,0,NA,NA,NA
422,EU319,Koschuta / Ko?uta (part of the Karawanken / Karavanke transboundary groundwater body),Austria,AUT,EUCA,46.4454126400374,14.2613252443683,0,4454.60700767816,NA,FALSE,0,0,0,0,0,NA,NA,NA
422,EU319,Koschuta / Ko?uta (part of the Karawanken / Karavanke transboundary groundwater body),Slovenia,SVN,EUCA,46.4355102173937,14.226362007694,0,4014.25097823428,NA,FALSE,0,0,0,0,0,NA,NA,NA
423,EU320,Westliche Karawanken / Kepa (part of the Karawanken / Karavanke transboundary groundwater body),Austria,AUT,EUCA,46.5132544035531,13.9425114207297,0,9807.00272904483,NA,FALSE,0,0,0,0,0,NA,NA,NA
423,EU320,Westliche Karawanken / Kepa (part of the Karawanken / Karavanke transboundary groundwater body),Slovenia,SVN,EUCA,46.496787282367,13.9112288608238,0,7523.0684843003,NA,FALSE,0,0,0,0,0,NA,NA,NA
403,EU321,Vellacher Kotschna / Bela (part of the Karawanken / Karavanke transboundary groundwater body),Austria,AUT,EUCA,46.390900317705,14.5701659662837,0,8063.21352177235,NA,FALSE,0,0,0,0,0,NA,NA,NA
403,EU321,Vellacher Kotschna / Bela (part of the Karawanken / Karavanke transboundary groundwater body),Slovenia,SVN,EUCA,46.3836225337487,14.5800437987862,0,3579.15708705357,NA,FALSE,0,0,0,0,0,NA,NA,NA
404,EU322,Sliv Kvarnerskog zaljeva / Obmo?je Kvarnerskega zaliva,Croatia,HRV,EUCA,45.3983812477415,14.2110261823925,0,7498.42356288383,NA,FALSE,0,0,0,0,0,NA,NA,NA
404,EU322,Sliv Kvarnerskog zaljeva / Obmo?je Kvarnerskega zaliva,Slovenia,SVN,EUCA,45.5042915639349,14.1587930531096,0,8848.78115842408,NA,FALSE,0,0,0,0,0,NA,NA,NA
27,EU323,Sliv Reke / Obmo?je Reke,Croatia,HRV,EUCA,45.490175743269,14.394439663004,0,9987.70704225352,NA,TRUE,0,0,0,0,0,NA,NA,NA
27,EU323,Sliv Reke / Obmo?je Reke,Slovenia,SVN,EUCA,45.5764446919231,14.2194668042298,0,9136.73529921468,NA,TRUE,0,0,0,0,0,NA,NA,NA
408,EU324,Sliv izvora Rije?ine i Grobni?kog polja / Obmo?je izvira Rije?ine in Grobni?kega polja,Croatia,HRV,EUCA,45.4843149510905,14.5011209232387,14.1720359268532,1624.89177156893,NA,TRUE,0,0,0,0,0,NA,NA,NA
408,EU324,Sliv izvora Rije?ine i Grobni?kog polja / Obmo?je izvira Rije?ine in Grobni?kega polja,Slovenia,SVN,EUCA,45.5685643292826,14.4437692534714,11.2176436026086,1590.791285067,NA,TRUE,0,0,0,0,0,NA,NA,NA
410,EU325,Sliv Ri?ane / Obmo?je Ri?ane,Croatia,HRV,EUCA,45.4984701541118,14.0014397250105,0,8919.90006457862,NA,FALSE,0,0,0,0,0,NA,NA,NA
410,EU325,Sliv Ri?ane / Obmo?je Ri?ane,Slovenia,SVN,EUCA,45.5494411738353,13.9855164125479,0,8325.28914323008,NA,FALSE,0,0,0,0,0,NA,NA,NA
11,EU326,Sliv Dragonje / Obmo?je Dragonje,Croatia,HRV,EUCA,45.4372448120377,13.657518006065,0,9749.78609390462,NA,FALSE,0.00045694259631197,0,0.000882628110715472,0,0,-0.555977352971746,NA,-0.555977352971746
11,EU326,Sliv Dragonje / Obmo?je Dragonje,Slovenia,SVN,EUCA,45.4842805758683,13.7344553384831,0,10000,NA,FALSE,0.00123123539016006,0,0,0,0,0.101320434860513,NA,-0.297505009808832
31,EU327,Sliv izvora u gradu Rijeci / Obmo?je izvirov v mestu Reka,Croatia,HRV,EUCA,45.3979432147912,14.396800888318,0.0194538564558912,9858.87979972038,NA,TRUE,0,0,0,0,0,NA,NA,NA
31,EU327,Sliv izvora u gradu Rijeci / Obmo?je izvirov v mestu Reka,Slovenia,SVN,EUCA,45.4914899112715,14.3194663130909,0,10000,NA,TRUE,0,0,0,0,0,NA,NA,NA
412,EU328,Neposredni sliv Mirne / Neposredno obmo?je Mirne,Croatia,HRV,EUCA,45.3546517073003,13.7824393757134,0,9073.45347635453,NA,FALSE,0,0,0.0214526787725323,0,0,NA,NA,NA
411,EU329,Sliv izvora Sv. Ivan / Obmo?je izvira Sv. Ivan,Croatia,HRV,EUCA,45.398260650329,14.0451379374044,0,9907.26068314991,NA,FALSE,0,0,0,0,0,NA,NA,NA
411,EU329,Sliv izvora Sv. Ivan / Obmo?je izvira Sv. Ivan,Slovenia,SVN,EUCA,45.4597558987222,13.9766557910768,0,10000,NA,FALSE,0,0,0,0,0,NA,NA,NA
426,EU330,Sliv izvora Gradole / Obmo?je izvira Gradole,Croatia,HRV,EUCA,45.280187248589,13.7949679341585,0,9942.91045187724,NA,FALSE,0,0,0.00920674733910185,0,0,NA,NA,NA
425,EU331,Sliv zapadne obale Istre / Obmo?je zahodne obale Istre,Croatia,HRV,EUCA,45.4058497288784,13.5647897538227,0.105402786712322,9505.69334790677,NA,FALSE,0,0,0.0115464236216435,0,0,NA,NA,NA
12,EU332,Sliv izvora Bula? / Obmo?je izvira Bula?,Croatia,HRV,EUCA,45.4118851708193,13.794333857878,0,9468.77749550777,NA,FALSE,0,0,0.00255537745593305,0,0,NA,NA,NA
12,EU332,Sliv izvora Bula? / Obmo?je izvira Bula?,Slovenia,SVN,EUCA,45.4449948702859,13.8450394186403,0,10000,NA,FALSE,0,0,0,0,0,NA,NA,NA
419,EU333,Sliv izvora Butonige / Obmo?je izvira Butonige,Croatia,HRV,EUCA,45.3288850368309,13.9425646436308,0,9146.85393376371,NA,FALSE,0,0,0,0,0,NA,NA,NA
421,EU334,Sliv Bra?ane / Obmo?je Bra?ane,Croatia,HRV,EUCA,45.4264243075925,13.9155840680459,0,9334.67441584628,NA,FALSE,0,0,0,0,0,NA,NA,NA
421,EU334,Sliv Bra?ane / Obmo?je Bra?ane,Slovenia,SVN,EUCA,45.4626568605502,13.9088206358625,0,10000,NA,FALSE,0,0,0,0,0,NA,NA,NA
424,EU335,Sliv gornjeg toka Uma?kog potoka / Obmo?je zgornjega toka Uma?kega potoka,Croatia,HRV,EUCA,45.3978158383009,13.6482661960538,0,8417.1235892692,NA,FALSE,0,0,0.0363437458271124,0,0,NA,NA,NA
2,EU336,Aquifère du Rhin Supérieur / Oberrheinaquifer,Switzerland,CHE,EUCA,47.5529759206527,7.62027995082008,0,9649.35533980582,NA,TRUE,0,0,0,0,0,NA,NA,NA
2,EU336,Aquifère du Rhin Supérieur / Oberrheinaquifer,Germany,DEU,EUCA,49.1713984487537,8.24467110944321,0,7834.36772131074,NA,TRUE,0.032906835240353,0.0239281598046647,0.077376469455398,0,0,0.368998669204151,0.376263667407877,0.37389999808517
2,EU336,Aquifère du Rhin Supérieur / Oberrheinaquifer,France,FRA,EUCA,48.3110904646787,7.6034314434827,0,8463.85980580956,NA,TRUE,0.0639265553845249,0.0639265553845249,0.0549004859846299,0,0,0.030905520910739,0.030905520910739,0.030905520910739
3,EU337,"Quaternary, Lower Neogene and Upper Cretaceous sediments in the transboundary Bug, San and Dniester River Basins",Poland,POL,EUCA,50.5181608193212,23.36622882114,0,8696.07181968153,NA,TRUE,6.70179741981748e-05,0,0.0169900338655766,0,0,0.692185181692994,NA,0.692185181692994
3,EU337,"Quaternary, Lower Neogene and Upper Cretaceous sediments in the transboundary Bug, San and Dniester River Basins",Ukraine,UKR,EUCA,50.1235487012359,23.8868897502002,0,8665.96170334544,NA,TRUE,0,0,0.0243122515127801,0,0,NA,NA,NA
28,EU338,Usedom / Uznam Island Quaternary Aquifer,Germany,DEU,EUCA,53.9037646988435,14.1004572435501,0,7407.99045012844,NA,FALSE,0,0,0,0,0,NA,NA,NA
28,EU338,Usedom / Uznam Island Quaternary Aquifer,Poland,POL,EUCA,53.8863561352262,14.3008167729295,0.0426030672012779,8531.21547409333,NA,FALSE,0,0,0,0,0,NA,NA,NA
25,EU339,Upper Pannonian-Lower Pleistocene / Vojvodina / Duna-Tisza köze déli r.,Hungary,HUN,EUCA,46.3731228731095,19.437246853315,0.171388298327974,8092.22542596119,NA,TRUE,0.021800600650959,0,0.354067409808655,0,0,0.0358398320219586,NA,0.0316106436048244
25,EU339,Upper Pannonian-Lower Pleistocene / Vojvodina / Duna-Tisza köze déli r.,Romania,ROU,EUCA,45.6841224805188,21.4272748180624,0.607742761953781,8744.54161807323,NA,TRUE,0.00519834204973483,0,0.292630135472816,0,0,0.149076479216943,NA,0.159275620233542
25,EU339,Upper Pannonian-Lower Pleistocene / Vojvodina / Duna-Tisza köze déli r.,Serbia,SRB,EUCA,45.6556346170928,20.1498129539108,0.826234345277416,8683.7448803979,NA,TRUE,0.0131436357214249,0,0.561012500792117,0,0,-0.0797783619762882,NA,-0.0797783619762882
13,EU340,Komár?anská Kryha / Dunántúli-khgs. Északi r.,Hungary,HUN,EUCA,47.5564616629765,18.2211141381905,0,9667.29082927139,NA,TRUE,0.000652250638980999,0,0.293170333573874,0,0,-0.607667777242734,NA,-0.607667777242724
13,EU340,Komár?anská Kryha / Dunántúli-khgs. Északi r.,Slovakia,SVK,EUCA,47.8088451453591,18.4706022024445,0,9655.67023050194,NA,TRUE,0.0351677240124811,0,0.429669635448625,0,0,-0.0499497456706883,NA,0.0744097667765924
222,S006,Upper Sand / Zanderij,France,FRA,EUCA,5.42359484008284,-53.4150079558935,3.10690037985044,5286.62295353845,NA,TRUE,0.000284801775052031,0,0,0,0,-0.353318866143689,NA,-0.340172267503271
52,S009,Aquífero litorâneo / Aquifères sédimentaires de la bande côtière,France,FRA,EUCA,4.89759155376101,-52.6205086851828,47.7823862971957,4200.55620758592,NA,TRUE,0.000175383663592449,0,0,0,0,0.0367032245946318,NA,0.0320225725738873
315,AF069,North-Western Sahara Aquifer System / Système Aquifère du Sahara Septentrional,Algeria,DZA,MENA,30.6218152894551,4.05147056252224,255.441449546568,239.965360214136,NA,FALSE,0.000274001966090676,0.000269006495941563,0.000610695618302202,0.000227695608997625,0.000198286698114762,-0.209894475265231,-0.21406634345397,-0.21406634345397
315,AF069,North-Western Sahara Aquifer System / Système Aquifère du Sahara Septentrional,Libya,LBY,MENA,30.2929997136025,12.9653773133812,14.5332702352106,1117.62345109311,NA,FALSE,0.000529879190689443,0.000524839580985393,0.00181145448722077,0.000446655487757155,0.000414309273756786,0.0963527204686511,0.100904514958887,0.100904514958887
315,AF069,North-Western Sahara Aquifer System / Système Aquifère du Sahara Septentrional,Tunisia,TUN,MENA,32.7533903231448,9.24467936926256,64.9097644200034,426.798900550737,NA,FALSE,4.91948803741232e-05,4.84412930243701e-05,6.81090524912656e-05,4.80319074543517e-05,3.531230533607e-05,0.210154616337801,0.227913198688177,0.227913198688177
72,AF070,Système Aquifère d'Errachidia,Algeria,DZA,MENA,31.7890666660365,-2.48939326092755,22.7853430264509,129.095555037835,NA,FALSE,0,0,0,0,0,-0.0852081095814725,NA,NA
72,AF070,Système Aquifère d'Errachidia,Morocco,MAR,MENA,32.0267828068099,-3.51212669961779,25.3080886981769,1053.41593391803,NA,FALSE,0.000367292143117904,0.000240681457797037,0.000443032346590097,0.000292386537865515,0.000292386537865515,0.366116383542305,0.500974671937315,0.376859475217202
34,AF074; AF078,Nappe de la Plaine des Angad et de Maghnia; Nappe profonde de Jbel-Hamra,Algeria,DZA,MENA,34.8450671012686,-1.76805757365011,1.65085389611938,6694.60189510677,NA,FALSE,0.0560724680404825,0,0.312234464560147,0.054191423996279,0.054191423996279,-0.287814815810769,NA,-0.287814815810769
34,AF074; AF078,Nappe de la Plaine des Angad et de Maghnia; Nappe profonde de Jbel-Hamra,Morocco,MAR,MENA,34.73504717448,-1.97138304492616,6.05577516062313,7302.74548002855,NA,FALSE,0.0386790946442694,0,0.177068326897144,0.0352167182943112,0.0352167182943112,-0.405430236660766,NA,-0.405430236660766
33,AF075,Aïn Béni Mathar,Morocco,MAR,MENA,34.0489744141797,-2.0862876822945,8.88149324302813,8715.20498445924,NA,FALSE,0.00176429436163177,0,0.00266940700340216,0.00139519885940831,0.00139519885940831,-0.081832091460236,NA,-0.074496699932441
35,AF076,Chott Tigri-Lahouita,Algeria,DZA,MENA,32.9364406254379,-1.46988561557395,10.4186082908397,-1,NA,FALSE,0,0,0,0,0,NA,NA,NA
35,AF076,Chott Tigri-Lahouita,Morocco,MAR,MENA,32.8338940408228,-1.83348496178641,54.9539770796107,954.6452908512,NA,FALSE,0,0,0,0,0,NA,NA,NA
39,AF077,Figuig Oasis,Algeria,DZA,MENA,32.0813838004348,-1.25652866346295,0,705.64039408867,NA,FALSE,0,0,0,0,0,NA,NA,NA
39,AF077,Figuig Oasis,Morocco,MAR,MENA,32.1104922883942,-1.24075831771264,0,1001.25526114928,NA,FALSE,0.000377145027092861,0,0,0,0,-0.184135570039784,NA,-0.226739966116735
40,AF079,Coastal Aquifer System of the Jeffara Plain / Système Aquifère Côtier de la Plaine de la Djeffara,Libya,LBY,MENA,32.403904924189,12.2554670212241,3.40903314171443,4584.03729635579,NA,FALSE,0.0361032719768709,0.0360982113710685,0.0751301879565617,0.0344551307981055,0.0316419426266428,0.568271933604266,0.570609163606685,0.570609163606685
40,AF079,Coastal Aquifer System of the Jeffara Plain / Système Aquifère Côtier de la Plaine de la Djeffara,Tunisia,TUN,MENA,32.88920682084,10.612499152851,24.7425158687215,1498.60253918337,NA,FALSE,0.00031535091457555,0.00031535091457555,0.000607996881346911,0.000274206307340832,0.000210755502934239,0.631925523281437,0.679480138550045,0.679480138550045
42,AF126,Kasserine Aquifer System,Algeria,DZA,MENA,34.8884475730652,8.26372736741514,37.3273689366334,7096.97619047619,NA,FALSE,0,0,0,0,0,NA,NA,NA
42,AF126,Kasserine Aquifer System,Tunisia,TUN,MENA,35.0517044148708,8.63035887809662,16.5230696970624,6555.01567654111,NA,FALSE,0.00454052287041039,0.0032887774760862,0.0110368129954921,0.00362994630279789,0,0.282299496312011,0.223263837959412,0.223263837959412
391,AS001,Western Mountain Aquifer,Egypt,EGY,MENA,30.9564527492518,33.881254769255,20.0663620590187,309.428856690259,NA,TRUE,0.00140064980456202,0.00140064980456202,0.00195567442482676,0.00113417139215248,0.00113417139215248,-0.530996153231886,-0.527238401541503,-0.527238401541503
391,AS001,Western Mountain Aquifer,Israel,ISR,MENA,31.5391037355013,34.7644846992339,0,6973.52638459589,NA,TRUE,0.0839045846508202,0.0170676789996127,0.295648466403999,0.0662238302851042,0.0662238302851042,-0.159248779039311,-0.784591640633391,-0.158318839962499
391,AS001,Western Mountain Aquifer,Gaza Strip,PSE,MENA,31.8671954334665,34.9742972763654,0,6783.16662984767,NA,TRUE,0.0159941885067453,0.0155174112552837,0.0928076297899651,0.0139436001635123,0.0139436001635123,-0.477964641685371,-0.471833480521913,-0.482592815848516
306,AS002,Coastal Aquifer Basin,Egypt,EGY,MENA,30.7545050774531,33.2224328378726,22.3655788216756,76.9917042926673,NA,FALSE,0.000846894314753511,0.000510266468666164,0.00111136405607264,0.000586616833961276,0.000586616833961276,-0.658990630925094,-0.742304767572613,-0.663663670012562
306,AS002,Coastal Aquifer Basin,Israel,ISR,MENA,31.5579253954716,34.7126112797182,0,7299.63792270738,NA,FALSE,0.112405449876472,0.0207998264210711,0.365031653494139,0.091207056033768,0.091207056033768,-0.144921706975255,-0.841589862793591,-0.144910050131691
306,AS002,Coastal Aquifer Basin,Gaza Strip,PSE,MENA,31.4306345488374,34.4104474740163,0,7377.14712197646,NA,FALSE,0.0968129725331969,0.0941666241443077,0.32396275484546,0.0852238903528509,0.0852238903528509,-0.0437192150231129,-0.0248517606941441,-0.0437192150231129
388,AS003,Northeastern Mountain Aquifer,Israel,ISR,MENA,32.533677387202,35.3177494204469,0,5195.08485025644,NA,TRUE,0.171000501530869,0.0758776485335251,0.464058184748718,0.143543851266706,0.143543851266706,0.0391737321843546,-0.114734066756674,0.0391737321843546
388,AS003,Northeastern Mountain Aquifer,West Bank,PSE,MENA,32.3329368659747,35.2954185087835,0,5986.37151169156,NA,TRUE,0.0247612867887994,0.0237891554875556,0.187289052817919,0.00748403937381056,0.00748403937381056,-0.267894482130412,-0.265570749184005,-0.267894482130412
396,AS004,Anti-Lebanon Mountain range,Lebanon,LBN,MENA,33.8685756681659,36.1888417797085,2.98915300770821,7304.35536961883,NA,TRUE,0.00104349836508561,0.00104349836508561,0.00788946368228141,0.0010388227501792,0.000850605780378326,0.0400653355334502,0.0400653355334502,0.0400653355334502
396,AS004,Anti-Lebanon Mountain range,Syria,SYR,MENA,33.8544095276839,36.2602613732856,1.99767969459649,7121.60204391059,NA,TRUE,0.00406218134752036,0.00406218134752036,0.0134211322637014,0.00307129819196362,0.00307129819196362,0.0798905659551584,0.0845532044460984,0.0687115541772373
121,AS010,Upper Jezira,Iraq,IRQ,MENA,36.8958647078504,42.6037925025491,0.708206818777417,5512.12999410214,NA,TRUE,0.00121390323011496,0.000380599564229692,0.0112582462384189,0.00118862464717893,0.000449486781457237,-0.581938072233326,-0.886621215546713,-0.349858009578372
121,AS010,Upper Jezira,Syria,SYR,MENA,36.9013454063412,41.8765844808073,2.87198375965586,4704.88413057916,NA,TRUE,0.277654304412349,0.275395229691051,0.682900300554802,0.276542718222726,0.1693424415824,0.108372225083947,0.12005062674953,0.119948629651456
65,AS021,Nakhichevan / Larijan and Djebrail Aquifer,Iran,IRN,MENA,39.141729956177,46.9659480518299,20.5940134559123,7725.83369040136,NA,TRUE,0.0182747485987896,0,0.0840314084060849,0.00444395330291609,0,-0.334452107831704,NA,-0.363930833768066
126,AS026,Lenkoran/Astara,Iran,IRN,MENA,39.2268422175299,48.1859805813872,18.4911007905242,7538.18784355476,NA,TRUE,0.0945669043593569,0,0.438517009874921,0.0850691964728238,0,-0.301700127088245,NA,-0.327173584887938
119,AS124,Jezira Tertiary Limestone Aquifer System,Iraq,IRQ,MENA,36.051172002778,41.925481363486,30.9656053313818,2729.53974295366,NA,TRUE,0.00167173270441489,9.27362267735264e-05,0.00578762713327126,0.000388396666753015,0.000186287133959797,-0.275694127218039,-0.966944966676914,-0.293609329883163
119,AS124,Jezira Tertiary Limestone Aquifer System,Syria,SYR,MENA,36.1356979909865,39.4577113480085,4.29353120344859,5533.70267566611,NA,TRUE,0.0997448867190683,0.0700132875642304,0.261962582664729,0.0923681412785159,0.0649934109422366,-0.238331341325756,-0.396731669759722,-0.240314833934129
141,AS125,Neogene Aquifer System (North-West): Upper and Lower Fars,Iraq,IRQ,MENA,35.3524557676629,42.3129029609226,70.006770068101,1819.45593974517,NA,TRUE,0.00229099842555573,2.73187337476989e-05,0.00558324328167533,0.00105906995263192,0.000602131446340497,0.238917014251985,-0.984614022529533,0.331946545697309
141,AS125,Neogene Aquifer System (North-West): Upper and Lower Fars,Syria,SYR,MENA,35.9001705880277,41.1284880015796,6.35473800135422,3969.54951067263,NA,TRUE,0.104544972715602,0.0898949387490895,0.246860623642587,0.104040158868797,0.0801681301453155,0.00753580365037898,-0.0866150547615911,0.0101524397470593
286,AS126,Saq-Ram Aquifer System (West) / Disi,Jordan,JOR,MENA,30.7987314052385,36.4437490128582,12.9088428801647,1810.34979317791,NA,TRUE,0.00282388174703908,0.00194895031937207,0.0156197310221959,0.00225417168048683,0.00225417168048683,-0.258489922027374,-0.26265824532632,-0.286751623495067
286,AS126,Saq-Ram Aquifer System (West) / Disi,Saudi Arabia,SAU,MENA,28.282373005494,37.888908588237,77.641956182021,-0.901849203706563,NA,TRUE,0.00332883307590873,0.00331581338131541,0.00472255203944216,0.00317020076186061,0.00317020076186061,-0.451899834988805,-0.454145309461568,-0.454145309461568
282,AS127,Wasia-Biyadh-Aruma Aquifer System (North): Sakaka-Rutba,Iraq,IRQ,MENA,32.1647958587285,41.7119089689759,158.506316251335,2.30119742260501,NA,FALSE,2.25528369487211e-06,0,0,0,0,0.683937510008253,NA,0.580422326598223
282,AS127,Wasia-Biyadh-Aruma Aquifer System (North): Sakaka-Rutba,Saudi Arabia,SAU,MENA,30.2108000417165,41.6650607508014,95.6814509546814,2.56708883556456,NA,FALSE,0,0,0,0,0,NA,NA,NA
284,AS128,Neogene Aquifer System (South-East): Dibdibba-Kuwait Group,Iraq,IRQ,MENA,29.9866117948067,46.7000142425494,16.8017065482905,467.728843978445,NA,TRUE,5.34374872356023e-06,0,1.5321756313386e-05,4.5739678152637e-06,3.56514457452135e-06,-0.438043014535375,NA,-0.455645362336185
284,AS128,Neogene Aquifer System (South-East): Dibdibba-Kuwait Group,Kuwait,KWT,MENA,29.3239392989862,47.5684329153938,24.8899256988845,353.46674760573,NA,TRUE,0.00100252560376389,0.000642765872806473,0.00207362413203864,0.000914665467868389,0.000828288940713342,-0.466093730196931,-0.562823987411822,-0.562823987411822
284,AS128,Neogene Aquifer System (South-East): Dibdibba-Kuwait Group,Saudi Arabia,SAU,MENA,27.5638105154643,47.398326892708,68.6960171077716,240.2939285495,NA,TRUE,0.00125440617971373,0.00125139832531784,0.00333279371746376,0.0011725752953299,0.00117124121706855,-0.0636794667950631,-0.0634282425970503,-0.0634282425970503
285,AS129,Tawil Quaternary Aquifer System: Wadi Sirhan Basin,Jordan,JOR,MENA,30.6680980559832,37.2187720907875,12.455510734148,-0.999816515041369,NA,FALSE,0,0,0,0,0,NA,NA,NA
285,AS129,Tawil Quaternary Aquifer System: Wadi Sirhan Basin,Saudi Arabia,SAU,MENA,30.4681451525378,38.4138748681462,153.375662198693,107.828403943096,NA,FALSE,0.0281152790929606,0.0279736709795988,0.0384359604827701,0.0270999964265232,0.0270999964265232,0.000141955667367633,0.00142002419238685,0.00142002419238685
283,AS130,Umm er Radhuma-Dammam Aquifer System (North): Widyan-Salman,Iraq,IRQ,MENA,31.1486489680252,44.2429449909717,91.359810321494,331.605227826187,NA,TRUE,0.00492153931213669,0,0.00719521607467997,0.0044749429872923,0.00141399012126114,0.651643336235972,NA,0.653009912253437
283,AS130,Umm er Radhuma-Dammam Aquifer System (North): Widyan-Salman,Kuwait,KWT,MENA,29.3239163279004,47.5684128737692,24.891156933919,353.317096600306,NA,TRUE,0.00100257583706238,0.000642798079714533,0.00207372803460191,0.000914711298781129,0.000828330443579142,-0.466093715769374,-0.562823972377118,-0.562823972377118
283,AS130,Umm er Radhuma-Dammam Aquifer System (North): Widyan-Salman,Saudi Arabia,SAU,MENA,28.9567609957628,45.0066214138007,65.6042987246019,219.156866934614,NA,TRUE,3.61914997794294e-05,3.59175665147416e-05,7.47204364392376e-05,2.9402174499409e-05,2.9402174499409e-05,0.601566310352654,0.60703277013997,0.60703277013997
231,AS131,Wajid Aquifer System,Saudi Arabia,SAU,MENA,19.7924225304336,47.3090980324689,393.514542822438,-0.877701650812343,NA,FALSE,0.00187567214541342,0.00186708241209519,0.00431034300332934,0.00182067357698675,0.00179007828292633,0.542079715610997,0.541368429332275,0.541271066855466
231,AS131,Wajid Aquifer System,Yemen,YEM,MENA,17.2638915459006,47.7930061993025,256.258051231432,148.974377270368,NA,FALSE,0,0,0,0,0,NA,NA,NA
142,AS132,Sarakhas Aquifer,Iran,IRN,MENA,36.378560793296,61.1093758021853,0.135688869284247,4529.57247730975,NA,TRUE,0.23563150344675,0.231314524652893,0.29927021990441,0.234916257558535,0.234916257558535,-0.154417916122927,-0.154134038841084,-0.154145465706239
143,AS133,Aghdarband Aquifer,Iran,IRN,MENA,35.8169773380496,60.8177427942822,2.15293141686165,3632.64944290025,NA,TRUE,0.0919235116913668,0.0919235116913668,0.0758250435287787,0,0,-0.0647659158784546,-0.0647659158784546,-0.0647659158784546
144,AS134,Janatabad Aquifer,Iran,IRN,MENA,35.630203165708,61.1411501452913,0.001234427037751,3842.00041967777,NA,TRUE,0.00404531058040692,0.00404531058040692,0.00494259367359047,0,0,-0.140258622092538,-0.140258622092538,-0.140258622092538
300,AS135,Torbat-e-jam Aquifer,Iran,IRN,MENA,35.3322056901233,60.5224834943816,3.85185339362646,3184.62344220135,NA,TRUE,0.17589478850099,0.174839006859531,0.393055364085895,0.172162302778596,0.172162302778596,-0.0857748865937897,-0.0892381580957835,-0.0892381580957835
146,AS136,Taybad Aquifer,Iran,IRN,MENA,34.8050489066722,60.8120478837391,5.1990739241862,7172.94509111089,NA,TRUE,0.133978297714719,0.132584888911701,0.299578576335945,0.122415657326219,0.122415657326219,-0.0175307659936079,-0.00400667901479568,-0.0175307659936079
145,AS137,Karat Aquifer,Iran,IRN,MENA,34.5801076580961,60.6948403373626,3.66391572266148,6549.19787656281,NA,TRUE,0.222889093584394,0.222889093584394,0.505303679430956,0.207916086013756,0.191678111419621,-0.115689509585328,-0.115689509585328,-0.115689509585328
230,AS139,Wasia-Biyadh-Aruma Aquifer System (South): Tawila-Mahra/Cretaceous Sands,Saudi Arabia,SAU,MENA,18.5916636433907,46.7208643933948,499.254938826469,-0.952607346727396,NA,FALSE,1.04833345740935e-05,1.04833345740935e-05,1.67167272064497e-05,4.19290711178277e-06,4.19290711178277e-06,-0.838665591658134,-0.838665591658134,-0.838665591658134
230,AS139,Wasia-Biyadh-Aruma Aquifer System (South): Tawila-Mahra/Cretaceous Sands,Yemen,YEM,MENA,17.0198998267232,47.3887648937526,258.695247677646,4.18991731411208,NA,FALSE,0,0,0,0,0,NA,NA,NA
233,AS140,Umm er Radhuma-Dammam Aquifer System (Centre): Gulf,United Arab Emirates,ARE,MENA,23.8130341795295,51.952109745671,26.6436287870008,139.152254424779,NA,FALSE,4.82636335158173e-05,4.82636335158173e-05,0,0,0,0.0777687725631439,0.0441831559591292,0.0441831559591292
233,AS140,Umm er Radhuma-Dammam Aquifer System (Centre): Gulf,Qatar,QAT,MENA,25.2755620064079,51.1902709722108,2.23675602370139,1002.48629726501,NA,FALSE,0.000600245041097346,0.000600245041097346,0.000648114754304027,8.7343017740321e-05,8.7343017740321e-05,0.355432952548604,0.349740863888092,0.349740863888092
233,AS140,Umm er Radhuma-Dammam Aquifer System (Centre): Gulf,Saudi Arabia,SAU,MENA,24.5625207221136,48.6686316265552,91.7290644423357,349.497754502325,NA,FALSE,0.000716110514948179,0.000690847480097147,0.00166251147304473,0.000594590880332879,0.000571094587806168,-0.409786176876626,-0.417173599918079,-0.417173599918079
117,AS142,Basalt Aquifer System (West): Yarmouk Basin,Jordan,JOR,MENA,32.4960603058733,36.001796112967,0,7082.00334758629,NA,TRUE,0.00801028304985396,0.00474208279766868,0.214137323245426,0.00594770788777826,0.00594770788777826,-0.474117939217539,-0.478613242963816,-0.474117939217539
117,AS142,Basalt Aquifer System (West): Yarmouk Basin,Syria,SYR,MENA,32.8205413693686,36.2477619022289,0.220423526939211,4641.78958108839,NA,TRUE,0.0536872268229291,0.00528766784209059,0.405453937380799,0.0496965640764746,0.0468760528261392,-0.328164930302939,0.0744761431986216,-0.36969203495274
118,AS143,Basalt Aquifer System (South): Azraq-Dhuleil Basin,Jordan,JOR,MENA,32.0899889056724,36.99364312046,8.74584199324596,1445.36389349472,NA,FALSE,0.00294743995091506,0.00283847615493448,0.0202197844247882,0.00280520874031803,0.00280520874031803,-0.132730538323064,-0.198153710683966,-0.198153710683966
118,AS143,Basalt Aquifer System (South): Azraq-Dhuleil Basin,Syria,SYR,MENA,32.4442490098288,36.7600149489813,2.56185978014042,936.286496402467,NA,FALSE,0.00690572040526728,0.00690572040526728,0.0616940859505779,0.00690572040526728,0.00690572040526728,-0.577864274759731,-0.577864274759731,-0.577864274759731
356,AS157,Eocene Aquifer,Israel,ISR,MENA,33.0790244507305,35.4764598682062,0,5556,NA,TRUE,2.72507800806158e-05,0,0.0641023491942958,2.72507800806158e-05,5.4364950036325e-06,0.412288555219025,NA,0.412288555219025
356,AS157,Eocene Aquifer,Lebanon,LBN,MENA,33.2424438385123,35.4624437851872,0,5959.73499243316,NA,TRUE,0.000934940433092722,0.000882534860194182,0.0629119535902316,0.000626818266575996,0.000574412693677456,0.437981421872057,0.418598171687406,0.437981421872057
386,AS159,Eastern Mountain Aquifer,Israel,ISR,MENA,31.7460094743796,35.1584968692146,0,6470.5361335917,NA,TRUE,0,0,0.0130752192668571,0,0,0.915962772080154,0.915962772080154,0.915962772080154
386,AS159,Eastern Mountain Aquifer,West Bank,PSE,MENA,31.8237638234195,35.32809600921,0,6841.37747429972,NA,TRUE,0.00875891592711604,0.00602280968292533,0.05118192870485,0.00516942669166289,0.00516942669166289,-0.423808885034418,-0.304419573304563,-0.423808885034418
390,AS160,Sinai?Negev Basin,Egypt,EGY,MENA,29.9545551932181,33.7337680155527,24.3230862756608,5.28847706910647,NA,FALSE,0.00125713663574771,0,0.0016152062817395,0.00116292524188625,0.00116292524188625,0.378190221787172,-0.635769965875602,0.384025414035644
390,AS160,Sinai?Negev Basin,Israel,ISR,MENA,30.4882638035513,34.9372842912564,0,2052.2134044027,NA,FALSE,0.000294157547667332,9.05505159198668e-05,0.000789854542513542,0.000105300917554411,0.000105300917554411,-0.802166487178272,-0.85072603739068,-0.778948425878262
62,AS161,Arava Valley / Wadi Araba Alluvial Aquifer,Israel,ISR,MENA,30.2774104178142,35.1191797576958,0,872.893623155943,NA,FALSE,0.0016167832003225,0.000499009049770929,0.00681884171764082,0.00064778369283511,0.00064778369283511,-0.43693837361643,-0.589842752116197,-0.430544925749657
62,AS161,Arava Valley / Wadi Araba Alluvial Aquifer,Jordan,JOR,MENA,30.3983652937557,35.2379690935905,1.35985647350169,1304.68723787994,NA,FALSE,0,0,0.0005769448075767,0,0,NA,NA,NA
295,AF001,Karoo Sedimentary Aquifer,Lesotho,LSO,SSAF,-29.5823149774686,28.2482954737614,19.5321412000824,6550.06139678418,NA,TRUE,5.58621049594121e-05,0,0.000269424111625554,0,0,-0.517734143883567,NA,-0.566218380423478
295,AF001,Karoo Sedimentary Aquifer,South Africa,ZAF,SSAF,-30.6136474955421,27.437029336205,0.802095128787523,7890.36705569719,NA,TRUE,0.000972623312913416,0,0.0150783029761991,0.000165154980296047,0.000130807512466599,0.055947165425582,NA,0.0447819932947345
264,AF002,Coastal Sedimentary Basin V,Namibia,NAM,SSAF,-28.4288734379701,16.3412225133612,8.0374435512442,-0.736432890913375,NA,TRUE,7.2419149898605e-05,0,0,0,0,-0.914362249047552,NA,-0.961301199772092
264,AF002,Coastal Sedimentary Basin V,South Africa,ZAF,SSAF,-28.5616995790282,16.5259103471344,0,0,NA,TRUE,0.02168480867918,0,0,0,0,-0.177242629196353,NA,-0.177242629196353
273,AF003,Coastal Sedimentary Basin VI,Mozambique,MOZ,SSAF,-26.6038029223892,32.6868629578807,6.11480435393324,2188.91076906531,NA,TRUE,0,0,0,0,0,NA,NA,NA
273,AF003,Coastal Sedimentary Basin VI,South Africa,ZAF,SSAF,-27.5412444589263,32.5018946049574,4.58434760226581,5922.86931665301,NA,TRUE,3.96568262380225e-05,0,0,0,0,-0.794694861691282,NA,NA
276,AF004,Rhyolite-Breccia Aquifer,Mozambique,MOZ,SSAF,-26.269250316962,32.1939693019688,1.51119020529049,6371.18131338491,NA,TRUE,0,0,0,0,0,NA,NA,NA
276,AF004,Rhyolite-Breccia Aquifer,Swaziland,SWZ,SSAF,-26.3951201397538,31.970856302093,1.07285960627106,6980.22133648947,NA,TRUE,0.0368121795523076,0,0.0638276113025623,0,0,0.168596677868059,NA,0.165864172984501
276,AF004,Rhyolite-Breccia Aquifer,South Africa,ZAF,SSAF,-25.9975860737406,31.8892838870249,0,9584.9762439062,NA,TRUE,0,0,0.0020721336939015,0,0,NA,NA,NA
50,AF005,Stampriet Transboundary Aquifer System,Botswana,BWA,SSAF,-24.8705376893384,21.0348069661714,188.487318724512,592.886642138714,NA,FALSE,0,0,0,0,0,NA,NA,NA
50,AF005,Stampriet Transboundary Aquifer System,Namibia,NAM,SSAF,-24.6749489008911,19.1581919150387,14.333409553364,183.16528754745,NA,FALSE,0,0,3.77392424645933e-06,0,0,0.816463926858333,NA,NA
50,AF005,Stampriet Transboundary Aquifer System,South Africa,ZAF,SSAF,-26.7826857296074,20.5794574670112,6.50565557082547,-1,NA,FALSE,0,0,0,0,0,NA,NA,NA
43,AF006,Khakhea-Bray Dolomite Transboundary Aquifer,Botswana,BWA,SSAF,-25.4032629546485,24.3747600781843,12.3386409280478,7776.09587966144,NA,FALSE,0,0,0,0,0,NA,NA,NA
43,AF006,Khakhea-Bray Dolomite Transboundary Aquifer,South Africa,ZAF,SSAF,-25.9186114988448,23.7624919054632,0.169099088739857,2944.36850208599,NA,FALSE,0,0,0.00202398418379224,0,0,NA,NA,NA
414,AF007,Ramotswa,Botswana,BWA,SSAF,-25.065690845295,25.7499191317348,0,10000,NA,TRUE,0,0,0,0,0,NA,NA,NA
414,AF007,Ramotswa,South Africa,ZAF,SSAF,-24.9223707646785,25.9436950845833,0,7574.49221352754,NA,TRUE,0,0,0,0,0,NA,NA,NA
298,AF009,Tuli Karoo Sub-Basin,Botswana,BWA,SSAF,-22.044255632657,28.7667506740814,3.51583134193698,6768.15212607723,NA,TRUE,0.000155795223889121,0,3.51955527773393e-05,1.90833919945069e-05,1.90833919945069e-05,-0.909105862223343,NA,-0.970355454258539
298,AF009,Tuli Karoo Sub-Basin,South Africa,ZAF,SSAF,-22.3078235885492,29.2799398484132,0,3272.26587134762,NA,TRUE,0.0092441790182992,0,0.0232162783740482,0.00875341714387379,0.00875341714387379,-0.74797963744507,NA,-0.740555847471149
298,AF009,Tuli Karoo Sub-Basin,Zimbabwe,ZWE,SSAF,-21.8386242129944,29.7336178814295,5.66889170407677,1857.79661057219,NA,TRUE,0.000113049148069309,0,0.000457563046112208,9.1567344147865e-05,9.1567344147865e-05,-0.722415731463722,NA,-0.731365113363156
268,AF010,Northern Kalahari / Karoo Basin / Eiseb Graben Aquifer,Botswana,BWA,SSAF,-19.6807544897142,21.3394654513487,29.486445503405,7044.52610974511,NA,FALSE,0,0,0,0,0,NA,NA,NA
268,AF010,Northern Kalahari / Karoo Basin / Eiseb Graben Aquifer,Namibia,NAM,SSAF,-20.284211355434,20.5675501632156,53.852096398808,3282.67213149149,NA,FALSE,0,0,0,0,0,NA,NA,NA
355,AF012,Eastern Kalahari Karoo Basin,Botswana,BWA,SSAF,-19.9784355062332,25.2768479171479,12.7124447521603,6031.41383512056,NA,TRUE,0,0,0,0,0,NA,NA,NA
355,AF012,Eastern Kalahari Karoo Basin,Zimbabwe,ZWE,SSAF,-19.2793124745052,27.5429372183158,5.07614259174402,5210.45125695613,NA,TRUE,5.83617218056926e-07,0,6.57640835300389e-05,0,0,0.194855960189184,NA,0.198081462806603
269,AF013,Cuvelai and Etosha Basin / Ohangwena Aquifer System,Angola,AGO,SSAF,-16.4069494717262,16.8944052052634,164.519182917445,6020.39521899357,NA,FALSE,0,0,0,0,0,NA,NA,NA
269,AF013,Cuvelai and Etosha Basin / Ohangwena Aquifer System,Namibia,NAM,SSAF,-17.7327758253894,16.9567771400119,29.1690386385453,5468.55020907542,NA,FALSE,0,0,0,0,0,NA,NA,NA
297,AF016,Medium Zambesi Aquifer,Zambia,ZMB,SSAF,-16.4031001993427,28.3549752285908,18.8045192719741,7937.67468856642,NA,TRUE,0.00109253680504237,0,0.000910279370475692,0,0,-0.67333884035537,NA,-0.724663547577417
297,AF016,Medium Zambesi Aquifer,Zimbabwe,ZWE,SSAF,-15.9334886258812,29.458616470756,0.994332498121435,1715.58645766171,NA,TRUE,0,0,0.000333368298835688,0,0,-0.748190204622257,NA,-0.732778111704673
407,AF017,Shire colluvium aquifer,Mozambique,MOZ,SSAF,-17.0762968097608,35.3071002415365,5.35120360414476,5047.34007976757,NA,TRUE,4.32911328589658e-05,0,0,0,0,0.321849529466799,NA,0.321849529466799
407,AF017,Shire colluvium aquifer,Malawi,MWI,SSAF,-16.3874176891897,34.9377448815469,10.3743608475696,6704.21702248327,NA,TRUE,0.0167542399639035,0,0.0541505376364958,0,0,0.498611288101759,NA,0.492618400697401
299,AF018,Arangua Alluvial,Mozambique,MOZ,SSAF,-15.1482048685535,30.7647602276411,27.5987380250426,2823.96276094312,NA,TRUE,0,0,0,0,0,-0.996169753835989,NA,NA
299,AF018,Arangua Alluvial,Zambia,ZMB,SSAF,-15.0649770271168,29.8921087747731,33.0282602547661,6265.19543324947,NA,TRUE,6.71778060862108e-05,0,0,0,0,-0.299297515487541,NA,0.0642552531456955
371,AF019,Bua River,Malawi,MWI,SSAF,-13.532339022996,33.4369869423064,5.48448238957327,7866.04799326689,NA,FALSE,0,0,0.00237453756235044,0,0,NA,NA,NA
371,AF019,Bua River,Zambia,ZMB,SSAF,-13.1553891308234,32.8798252348277,4.75348355907171,6732.79199710209,NA,FALSE,0,0,0,0,0,NA,NA,NA
275,AF020,Coastal Sedimentary Basin III,Mozambique,MOZ,SSAF,-11.5528394208512,40.204595585334,7.28426319126404,4673.35816196715,NA,TRUE,6.82791816687216e-05,0,0.00101340503086281,0,0,0.427802893299875,NA,0.474563963333194
275,AF020,Coastal Sedimentary Basin III,Tanzania,TZA,SSAF,-10.5984567984718,39.7081987438558,13.6286148027232,7519.40876884114,NA,TRUE,2.6396040951395e-07,0,0.0297729402067408,0,0,-0.0592206993157234,NA,0.192668518309473
274,AF021,Karoo Sandstone Aquifer,Mozambique,MOZ,SSAF,-11.9578705165995,35.3316507145939,15.6164537199923,784.560672196391,NA,TRUE,0,0,0,0,0,NA,NA,NA
274,AF021,Karoo Sandstone Aquifer,Tanzania,TZA,SSAF,-10.506991831951,36.9477786513771,156.554197966271,9166.61606014543,NA,TRUE,0,0,0.000212974282913777,0,0,-0.153174409160189,NA,-0.171215439015654
267,AF022,Kalahari/Katangian Basin,"Congo, Dem Rep of the",COD,SSAF,-11.9042649305793,27.3262717131229,20.3026078567296,6091.97555957385,NA,TRUE,0,0,0,0,0,NA,NA,NA
267,AF022,Kalahari/Katangian Basin,Zambia,ZMB,SSAF,-11.9177384461666,27.2150585528991,19.1068064604807,5549.63158470553,NA,TRUE,0,0,0,0,0,NA,NA,NA
36,AF023,Congo Intra-cratonic Basin,Angola,AGO,SSAF,-9.75702426720512,19.986577191499,43.2738807190091,7323.16216058754,NA,TRUE,0,0,0,0,0,NA,NA,NA
36,AF023,Congo Intra-cratonic Basin,"Congo, Dem Rep of the",COD,SSAF,-7.04049548866849,19.1614919762346,11.5010052210774,4392.13346066479,NA,TRUE,0,0,9.0657770910774e-05,0,0,NA,NA,NA
307,AF025,Karoo-Carbonate,Central African Rep,CAF,SSAF,5.69368980496299,22.9528998753495,140.85164385356,5555.31910644517,NA,TRUE,0,0,0,0,0,NA,NA,NA
307,AF025,Karoo-Carbonate,"Congo, Dem Rep of the",COD,SSAF,3.64775996754583,24.6840346675927,82.41714139896,3081.90068467907,NA,TRUE,0,0,0,0,0,NA,NA,NA
307,AF025,Karoo-Carbonate,South Sudan,SSD,SSAF,6.3380295237908,28.0499558545296,64.195031613712,1981.93654543914,NA,TRUE,0,0,0,0,0,NA,NA,NA
308,AF026,Tanganyika,Burundi,BDI,SSAF,-3.85359121292559,29.7378962737105,6.57686262704482,5170.24481752051,NA,TRUE,0.000297000516108988,0,0.0932246547615216,0,0,-0.506912722537019,NA,NA
308,AF026,Tanganyika,"Congo, Dem Rep of the",COD,SSAF,-5.23833373403306,28.6927948071737,68.2957596559272,3704.54487773119,NA,TRUE,0,0,0.000639146765114511,0,0,-0.95571931901546,NA,NA
308,AF026,Tanganyika,Tanzania,TZA,SSAF,-5.61099187914274,30.291952299841,123.268092305039,7554.57006004494,NA,TRUE,7.86652593668075e-06,0,0.00081751180093958,0,0,-0.293385328896345,NA,-0.23229515473473
263,AF027,Aquífero da Dolomite Pré-cambriana do baixo Congo / Aquifère dolomitique précambrien,Angola,AGO,SSAF,-6.28195349611813,14.4121741591052,19.3344507079227,8091.41470790021,NA,TRUE,0,0,1.60679799426999e-06,0,0,NA,NA,NA
263,AF027,Aquífero da Dolomite Pré-cambriana do baixo Congo / Aquifère dolomitique précambrien,"Congo, Dem Rep of the",COD,SSAF,-5.40228489836497,14.5449312181569,1.71317303665596,3105.22376115033,NA,TRUE,0.000191944271981082,0,0.00317444237667813,0,0,-0.306172778549308,NA,NA
263,AF027,Aquífero da Dolomite Pré-cambriana do baixo Congo / Aquifère dolomitique précambrien,"Congo, Rep of the",COG,SSAF,-4.64636379434825,13.7131776503507,25.1181699760696,7778,NA,TRUE,0,0,0,0,0,NA,NA,NA
309,AF029,Cuvette,"Congo, Dem Rep of the",COD,SSAF,-0.652869598295254,20.4297744396937,63.9216086802785,3911.50489991782,NA,TRUE,8.0261789022205e-08,0,4.50036330773274e-06,0,0,-0.225526575426243,NA,NA
309,AF029,Cuvette,"Congo, Rep of the",COG,SSAF,-0.316476616658213,16.3309050563138,131.456151166334,7926.28563400063,NA,TRUE,0,0,0.000714096356980427,0,0,NA,NA,NA
271,AF031,Coastal Sedimentary Basin / Karoo Sedimetary Aquifer,Kenya,KEN,SSAF,-3.64966378348375,39.5491756218326,2.51486103413379,8885.87674123988,NA,FALSE,0.00159721970602044,0,0,0,0,0.297092426752962,NA,0.501617292033217
271,AF031,Coastal Sedimentary Basin / Karoo Sedimetary Aquifer,Tanzania,TZA,SSAF,-4.88126413479231,38.9953189883529,44.5471705462528,8432.64911315782,NA,FALSE,0,0,0,0,0,0.887079531551728,NA,0.887079531551728
270,AF032,Kilimanjaro Aquifer,Kenya,KEN,SSAF,-2.68515987315141,37.7073091193324,7.81153636810352,9663.19588618306,NA,FALSE,2.86342870564117e-05,0,0.00537792922088112,0,0,NA,NA,NA
270,AF032,Kilimanjaro Aquifer,Tanzania,TZA,SSAF,-3.1215980599421,37.0767914220397,40.0040522927174,7718.94820586882,NA,FALSE,0.00326150906936407,0,0.0133316848210429,0.0016950779967765,0.000918890645611103,0.286929645034222,NA,0.286929645034222
261,AF033,Aquifère du Bassin de l?Ogooué,"Congo, Rep of the",COG,SSAF,-2.39832678451762,12.5799445277773,12.299632271851,7441.12659271996,NA,TRUE,0,0,0,0,0,NA,NA,NA
261,AF033,Aquifère du Bassin de l?Ogooué,Gabon,GAB,SSAF,-1.90606359528809,12.4228615161725,11.5340878585771,6716.26340717121,NA,TRUE,0,0,0,0,0,NA,NA,NA
262,AF034,Aquifère des plateaux,"Congo, Rep of the",COG,SSAF,-2.47743451595178,11.5950422162785,0.821472458227305,6152.19548984966,NA,TRUE,0,0,0,0,0,NA,NA,NA
262,AF034,Aquifère des plateaux,Gabon,GAB,SSAF,-2.30987709065562,11.2727915993847,8.94359817826981,6169.01578867324,NA,TRUE,0,0,0,0,0,NA,NA,NA
45,AF038,Merti Aquifer,Kenya,KEN,SSAF,0.899202654242178,39.3565296959535,50.4519375713275,5436.60876268654,NA,FALSE,0,0,0.000410295839556298,0,0,0.773004402427687,NA,0.768130271664129
45,AF038,Merti Aquifer,Somalia,SOM,SSAF,0.204101412650066,41.4170124636972,0.0358458704664171,184.332549700039,NA,FALSE,0,0,0,0,0,0.363651522340933,NA,NA
46,AF039,Mount Elgon Aquifer,Kenya,KEN,SSAF,0.940942276981182,34.7774234075699,8.23842088688051,7404.63277858781,NA,TRUE,0,0,0.000518972157398813,0,0,NA,NA,NA
46,AF039,Mount Elgon Aquifer,Uganda,UGA,SSAF,1.49350759890079,34.5862639179795,26.0540352889973,8393.36496701901,NA,TRUE,0,0,0.0271522481502616,0,0,NA,NA,NA
225,AF040,Aquifère nord-ouest Sangha,"Congo, Rep of the",COG,SSAF,1.47465573787856,13.3562865798402,328.39247666936,5580.09728837958,NA,TRUE,0,0,0,0,0,NA,NA,NA
225,AF040,Aquifère nord-ouest Sangha,Gabon,GAB,SSAF,1.25529551015909,12.6546973610162,270.523461826935,6734.0040723083,NA,TRUE,0,0,0,0,0,NA,NA,NA
228,AF042,Rio del Rey,Cameroon,CMR,SSAF,4.71421162944267,8.74719391442575,62.2407415299146,6383.68140345228,NA,FALSE,0,0,0,0,0,NA,NA,NA
228,AF042,Rio del Rey,Nigeria,NGA,SSAF,4.76366884597069,8.12332486931237,7.47219012308549,5508.46702612898,NA,FALSE,1.71543782847056e-06,0,0.000711279501345884,0,0,0.769289800291135,NA,0.769289800291135
236,AF043,Dawa,Ethiopia,ETH,SSAF,4.57622657445214,40.5309893776861,26.3913085734935,345.613182066779,NA,TRUE,0.000340854619310605,0,0.00015067857876191,7.91054557753953e-05,7.91054557753953e-05,-0.993620932617481,NA,-0.993541533706887
236,AF043,Dawa,Kenya,KEN,SSAF,3.8272962854222,41.2646892870826,8.25628943521225,4037.96253246917,NA,TRUE,0.00104827465178416,0,0.00065503843430958,0.000264452754141162,0.000264452754141162,-0.5487435153171,NA,-0.581997518206485
236,AF043,Dawa,Somalia,SOM,SSAF,3.6127673431372,41.9084542165717,0.810798665821434,980.621044857649,NA,TRUE,8.9557965397099e-05,0,4.87410505283668e-05,3.9821985060726e-05,3.9821985060726e-05,-0.681551877807431,NA,NA
234,AF044,Jubba,Ethiopia,ETH,SSAF,4.76118998714503,42.7367555859102,14.9655263888404,134.774994432513,NA,TRUE,2.34828838759375e-06,0,3.23995782749729e-06,0,0,-0.98384024189947,NA,NA
234,AF044,Jubba,Somalia,SOM,SSAF,4.15266139467321,43.1391412438631,0.45880373581426,1103.93659100442,NA,TRUE,7.38873036700519e-05,0,0.000274402390446267,3.07444519868701e-05,0,-0.386415546789147,NA,NA
235,AF045,Shebelle / Shabelle,Ethiopia,ETH,SSAF,5.38175443141763,44.6645722590291,14.8587584422204,524.717538999289,NA,FALSE,0.00115783093898649,0,0.00509083242007639,0.000473481053907881,0,-0.0853167412514075,NA,NA
235,AF045,Shebelle / Shabelle,Somalia,SOM,SSAF,4.75954125931368,44.8962374827155,0.553842723502763,499.908173162777,NA,FALSE,1.91131273673368e-06,0,1.96502422940186e-05,0,0,0.219577278120943,NA,NA
224,AF047,Bassin sédimentaire côtier / Tano Basin,Cote d'Ivoire,CIV,SSAF,5.31370302155452,-4.38862414202545,6.82077163623358,7539.24320067721,NA,TRUE,9.45170924311846e-06,0,0.00658147779440521,0,0,-0.278047260657148,NA,NA
224,AF047,Bassin sédimentaire côtier / Tano Basin,Ghana,GHA,SSAF,5.08248159058498,-2.60332363186258,1.84745793093394,7017.42308494086,NA,TRUE,0,0,0,0,0,NA,NA,NA
227,AF051,Benue River sedimentary basin / Bassin sédimentaire de la Benoué,Cameroon,CMR,SSAF,9.07481275553601,12.9383294648993,3.48582853846898,7354.48627576249,NA,TRUE,0.0186488469929503,0,0.0122231518065183,0,0,-0.254727975092681,NA,NA
227,AF051,Benue River sedimentary basin / Bassin sédimentaire de la Benoué,Nigeria,NGA,SSAF,7.68858097624999,8.70791929122928,28.0389549595333,6407.92968601925,NA,TRUE,0.0113058481854953,0,0.0886221002141122,1.44861085433789e-05,0,-0.324457024716207,NA,-0.109985312884889
296,AF053,Baggara Basin,Central African Rep,CAF,SSAF,10.3032037543412,23.1029746888126,17.4647321443181,7951.48609271358,NA,TRUE,0,0,0,0,0,NA,NA,NA
296,AF053,Baggara Basin,Sudan,SDN,SSAF,11.1295594837773,26.7825908564917,29.6122050745195,4374.44885131567,NA,TRUE,4.91865011618533e-07,0,0.0277691385612169,0,0,0.520143315492195,NA,0.520143315492195
296,AF053,Baggara Basin,South Sudan,SSD,SSAF,9.33452781705433,28.497125324808,33.1503388002645,3359.73299769466,NA,TRUE,1.0988400605294e-06,0,2.32565243074218e-06,2.89094639989574e-08,0,0.753358332484575,NA,0.856806406908173
237,AF059,Afar Rift Valley / Afar Triangle Aquifer,Djibouti,DJI,SSAF,11.7345786681243,42.2213042038238,0.331718127057985,114.325453286842,NA,FALSE,0,0,0,0,0,NA,NA,NA
237,AF059,Afar Rift Valley / Afar Triangle Aquifer,Eritrea,ERI,SSAF,12.7893907381608,42.230565200251,9.44404543988004,-1,NA,FALSE,0,0,0,0,0,NA,NA,NA
237,AF059,Afar Rift Valley / Afar Triangle Aquifer,Ethiopia,ETH,SSAF,11.9757398870485,41.2754833960312,27.2705238168795,123.311653941375,NA,FALSE,0.00183093869361593,0,0.00452336108060856,0.000240824619802834,0.000240824619802834,-0.241210651463322,NA,NA
32,AF061,Gedarif-Adigrat,Ethiopia,ETH,SSAF,12.9921760279244,36.7909315572212,41.1557344478873,4825.66830838892,NA,TRUE,0.000330815274799793,0,0.00611042329313391,0,0,0.613182727909508,NA,0.625357282398679
32,AF061,Gedarif-Adigrat,Sudan,SDN,SSAF,13.9219323617564,35.8736434872866,22.7533617142834,2936.68555867699,NA,TRUE,3.94109056516702e-05,0,0.213191070822947,0,0,0.910568229754733,NA,NA
226,AF062,Disa,Sudan,SDN,SSAF,13.4211009280047,22.3343767020545,4.0967263294692,6407.09393165552,NA,FALSE,0,0,0.185854595255048,0,0,NA,NA,NA
226,AF062,Disa,Chad,TCD,SSAF,13.3990489612608,22.0912840889986,5.66174287820865,6290.50374828424,NA,FALSE,0,0,0.0231920615497349,0,0,NA,NA,NA
272,AF072,Rift Aquifer,Kenya,KEN,SSAF,-1.40363909578223,35.9960202975401,13.3707346127373,8874.85105481159,NA,FALSE,6.71538994553822e-05,0,0.0041609746054131,0,0,-0.341744808540812,NA,0.940062436152799
272,AF072,Rift Aquifer,Tanzania,TZA,SSAF,-2.35819291292389,35.8231085365068,92.8006776163669,8663.55394384656,NA,FALSE,0,0,0.00267244707733909,0,0,NA,NA,NA
265,AF082,Aquifère du Bassin de la Nyanga,"Congo, Rep of the",COG,SSAF,-2.61368185002813,11.8578180570515,7.1486356465048,6385.02550769794,NA,TRUE,0,0,0,0,0,NA,NA,NA
265,AF082,Aquifère du Bassin de la Nyanga,Gabon,GAB,SSAF,-2.67427737756451,11.3152779433564,13.3529470497687,6655.80583766366,NA,TRUE,0,0,0,0,0,NA,NA,NA
405,AF090,Colluvium and residual soils,Mozambique,MOZ,SSAF,-13.5612222036779,34.9944223505259,0.621360181200557,6226.2643163071,NA,FALSE,0,0,0,0,0,NA,NA,NA
405,AF090,Colluvium and residual soils,Malawi,MWI,SSAF,-14.0118076576236,35.1585623675423,0.68434187994022,7657.74577238252,NA,FALSE,0,0,0,0,0,NA,NA,NA
409,AF094,River alluvium,Mozambique,MOZ,SSAF,-15.0419765820177,35.8857912997051,4.10715763486889,8506.27164396705,NA,FALSE,0,0,0,0,0,NA,NA,NA
409,AF094,River alluvium,Malawi,MWI,SSAF,-15.148138725463,35.7177496775984,37.8688188480964,7312.91175607292,NA,FALSE,0.000322683625840705,0,0.00141411574128211,0,0,0.701893363162068,NA,0.701893363162068
353,AF095,Ruo River,Mozambique,MOZ,SSAF,-15.4213987811764,35.8839065897461,5.5592448985652,8685.91856672876,NA,TRUE,1.84636035563732e-05,0,0,0,0,-0.834915614245386,NA,-0.834915614245386
353,AF095,Ruo River,Malawi,MWI,SSAF,-15.459893897528,35.6271733415603,15.6259505919661,7707.66454575321,NA,TRUE,0.000903562381183826,0,0.00500377429816057,0,0,-0.493870766180448,NA,-0.497489967108144
342,AF102,Mwanza gritty conglomerates,Mozambique,MOZ,SSAF,-16.8338682881912,35.0162369496233,99.9617504776262,6597.50560329178,NA,TRUE,0,0,0,0,0,NA,NA,NA
342,AF102,Mwanza gritty conglomerates,Malawi,MWI,SSAF,-16.6975827055312,35.013088353953,57.3533865882261,9860.55190758608,NA,TRUE,0,0,0,0,0,NA,NA,NA
343,AF103,Basalt lava flow,Mozambique,MOZ,SSAF,-16.6734457401664,34.7707276143589,17.8580415764462,4523.18347057942,NA,TRUE,0,0,0,0,0,NA,NA,NA
343,AF103,Basalt lava flow,Malawi,MWI,SSAF,-16.5390384769893,34.8204629106663,52.7739613888232,9483.42520855703,NA,TRUE,0,0,0,0,0,NA,NA,NA
354,AF104,Mwanza grits and shales,Mozambique,MOZ,SSAF,-16.3279819234212,34.5203551778786,39.4099238869816,9090.66118175019,NA,TRUE,0,0,0,0,0,NA,NA,NA
354,AF104,Mwanza grits and shales,Malawi,MWI,SSAF,-16.3722029393431,34.6295769234916,76.7886667932922,5053.45501193317,NA,TRUE,0,0,0,0,0,NA,NA,NA
344,AF105,Upper sandstones (grits and sandstones),Mozambique,MOZ,SSAF,-16.3910585224547,34.1057069831287,19.5321425600734,1763.478772963,NA,TRUE,0,0,0,0,0,NA,NA,NA
344,AF105,Upper sandstones (grits and sandstones),Malawi,MWI,SSAF,-16.4301548771955,34.6723426721199,81.675186335391,9451.89178758876,NA,TRUE,0,0,0,0,0,NA,NA,NA
352,AF106,Lower sandstones,Mozambique,MOZ,SSAF,-16.1099780705464,34.2969799697632,20.9760711640206,6951.63576829523,NA,TRUE,0,0,0,0,0,NA,NA,NA
352,AF106,Lower sandstones,Malawi,MWI,SSAF,-16.148416705983,34.5017441882902,42.3291225052029,8200.94528620896,NA,TRUE,0,0,0,0,0,NA,NA,NA
350,AF107,Mwanza grits and shales,Mozambique,MOZ,SSAF,-16.0466525375193,34.4185260130682,90.7176273024691,10000,NA,FALSE,0,0,0,0,0,NA,NA,NA
350,AF107,Mwanza grits and shales,Malawi,MWI,SSAF,-16.0371455852252,34.4238487610946,87.3184078722131,10000,NA,FALSE,0,0,0,0,0,NA,NA,NA
351,AF108,Mwanza grits and shales,Mozambique,MOZ,SSAF,-16.0124787675157,34.3761090994348,87.8592241549213,10000,NA,FALSE,0,0,0,0,0,NA,NA,NA
351,AF108,Mwanza grits and shales,Malawi,MWI,SSAF,-16.0034529008459,34.3865314624911,90.1297841465651,10000,NA,FALSE,0,0,0,0,0,NA,NA,NA
345,AF109,Basalt lava flow,Mozambique,MOZ,SSAF,-15.9004258496634,34.2431151642636,23.2188419464449,10000,NA,FALSE,0,0,0,0,0,NA,NA,NA
345,AF109,Basalt lava flow,Malawi,MWI,SSAF,-15.8885351983948,34.2804427082394,36.5008506426538,10000,NA,FALSE,0,0,0,0,0,NA,NA,NA
349,AF121,Colluvium and residual soils,Malawi,MWI,SSAF,-9.67807199062793,33.2628281548723,0.534264610077559,8171.76596834563,NA,TRUE,0,0,0,0,0,NA,NA,NA
349,AF121,Colluvium and residual soils,Tanzania,TZA,SSAF,-9.30820983672087,32.9087436165602,15.0031920281171,7252.47365779331,NA,TRUE,0,0,0,0,0,NA,NA,NA
347,AF122,Mwanza grits and shales,Malawi,MWI,SSAF,-9.64265587060432,33.6997532034188,0,6522.84885093383,NA,TRUE,0,0,0,0,0,NA,NA,NA
347,AF122,Mwanza grits and shales,Tanzania,TZA,SSAF,-9.56097669857996,33.7115572482563,0.0141140674309568,7189.57233578091,NA,TRUE,0,0,0,0,0,-0.145586028319086,NA,-0.145586028319086
348,AF123,River alluvium,Malawi,MWI,SSAF,-9.88687627656038,33.8968591779165,0.351807229280773,7524.22720396354,NA,TRUE,0.00272577304216733,0,0,0,0,-0.807348695838054,NA,-0.839971882195288
348,AF123,River alluvium,Tanzania,TZA,SSAF,-9.54283403878081,33.8893618355654,4.98424653308327,6591.27532437307,NA,TRUE,0.0298316485417844,0,0,0,0,-0.00539371733276095,NA,-0.00539371733276095
38,AF124,Shire alluvial aquifer,Mozambique,MOZ,SSAF,-17.1894403343158,35.2857610177845,8.88870807563687,5488.56766181848,NA,TRUE,1.19527733387016e-05,0,0,0,0,NA,NA,NA
38,AF124,Shire alluvial aquifer,Malawi,MWI,SSAF,-16.4949887948771,35.0700399773107,22.1562343155067,8957.89789716118,NA,TRUE,0.00358580510909283,0,0,0,0,0.526644406340264,NA,0.562105477381917
37,AF125,Bulal Basalt,Ethiopia,ETH,SSAF,4.38339642006084,37.7648479665152,20.9164526683703,1244.63497229185,NA,FALSE,0,0,1.16784021424533e-05,0,0,-0.879351232109692,NA,NA
37,AF125,Bulal Basalt,Kenya,KEN,SSAF,3.91337385793549,37.7343307774599,61.5018841334204,8450.24189100458,NA,FALSE,0,0,8.91944255351633e-06,0,0,-0.0187422803911117,NA,NA
260,AF014,Nata Karoo Sub-basin / Caprivi Lower Aquifer,Angola,AGO,SSAF,-17.3931410724104,22.4249421066706,85.9199830250915,7432.57834466744,NA,TRUE,0,0,0,0,0,NA,NA,NA
260,AF014,Nata Karoo Sub-basin / Caprivi Lower Aquifer,Botswana,BWA,SSAF,-18.4452466425054,23.6240830515555,15.5381844426166,8999.43277996362,NA,TRUE,0,0,0,0,0,NA,NA,NA
260,AF014,Nata Karoo Sub-basin / Caprivi Lower Aquifer,Namibia,NAM,SSAF,-17.8719548512146,23.7319771336553,15.0984851652718,6982.73494188428,NA,TRUE,9.30952065114164e-08,0,0,0,0,-0.806155995649088,NA,-0.806155995649088
260,AF014,Nata Karoo Sub-basin / Caprivi Lower Aquifer,Zambia,ZMB,SSAF,-16.9680765490894,23.797842042532,36.4590733420962,3594.8107737888,NA,TRUE,3.78158772163531e-05,0,0,0,0,-0.747167478692583,NA,-0.73027940692222
41,AF036,Kagera Aquifer,Burundi,BDI,SSAF,-2.41289541908852,30.5394797320978,0,8250,NA,TRUE,0,0,0.00274120861224261,0,0,NA,NA,NA
41,AF036,Kagera Aquifer,Rwanda,RWA,SSAF,-1.63781153006023,30.6205615162104,3.07945456397722,8607.54114453099,NA,TRUE,0.000143329070222351,0,0.0395830338342888,0,0,0.573396975020803,NA,0.736967846587175
41,AF036,Kagera Aquifer,Tanzania,TZA,SSAF,-1.29371330063401,31.2743513612964,8.42304670045206,7232.89651620325,NA,TRUE,0.000120182575747098,0,0.000178316361542356,0,0,0.25138562408068,NA,0.252343628659795
41,AF036,Kagera Aquifer,Uganda,UGA,SSAF,-0.842312061033827,31.4492619565743,11.6648690375301,8192.87693015402,NA,TRUE,0,0,0.00197344663050273,0,0,NA,NA,NA
311,AF046,Sudd Basin,Ethiopia,ETH,SSAF,7.70669393461043,34.5648572979169,43.7897102737115,1492.73418556458,NA,TRUE,0,0,1.06410742189918e-05,0,0,0.188971841908298,NA,NA
311,AF046,Sudd Basin,Kenya,KEN,SSAF,4.6319085804021,34.9269299397744,105.537066250329,4982.39907787175,NA,TRUE,0,0,0,0,0,NA,NA,NA
311,AF046,Sudd Basin,Sudan,SDN,SSAF,10.1579636493183,31.7476871400683,83.4598831046153,382.618249298865,NA,TRUE,0,0,0,0,0,NA,NA,NA
311,AF046,Sudd Basin,South Sudan,SSD,SSAF,7.67254278933029,31.9441747249873,54.3625394991031,1731.07448019669,NA,TRUE,0,0,6.89846757698364e-07,0,0,-0.458147179747119,NA,-0.760188634887972
229,AF048,"Keta Basin, Coastal Sedimentary Basin / Bassin de Keta, Bassin Sédimentaire Côtier",Benin,BEN,SSAF,6.84357124800442,2.2505703414208,0.899334931514138,5984.05292759718,NA,TRUE,0.000520284989931671,0,0.0764242718267387,0,0,-0.00489494102866295,NA,0.00624768043437884
229,AF048,"Keta Basin, Coastal Sedimentary Basin / Bassin de Keta, Bassin Sédimentaire Côtier",Ghana,GHA,SSAF,5.99063205548776,0.76302922369552,2.84554889753199,5805.53484080104,NA,TRUE,0.00178726725953086,0,0.254467743759713,0,0,-0.0171388153067231,NA,-0.11097811558823
229,AF048,"Keta Basin, Coastal Sedimentary Basin / Bassin de Keta, Bassin Sédimentaire Côtier",Nigeria,NGA,SSAF,6.79560296029634,3.35617525579447,13.6271412575511,5644.68747076026,NA,TRUE,2.77497117954867e-06,0,0.0474755354252326,0,0,-0.165324332701082,NA,-0.353438291375689
229,AF048,"Keta Basin, Coastal Sedimentary Basin / Bassin de Keta, Bassin Sédimentaire Côtier",Togo,TGO,SSAF,6.42626122717206,1.42946637998984,6.63611469350026,6620.10508629874,NA,TRUE,0.00194266275315675,0,0.239020414295667,0,0,-0.638233762294716,NA,-0.162489008154
44,AF052,Lake Chad sedimentary basin / Bassin sédimentaire du Lac Tchad,Algeria,DZA,MENA,23.5780439772679,9.02324254802105,150.234412435212,-0.916520951836408,NA,TRUE,0,0,0,0,0,NA,NA,NA
44,AF052,Lake Chad sedimentary basin / Bassin sédimentaire du Lac Tchad,Central African Rep,CAF,SSAF,7.93981342755804,19.5023160368251,62.7355789860075,3473.80969283853,NA,TRUE,0,0,1.25415039645224e-05,0,0,-0.855779348720847,NA,NA
44,AF052,Lake Chad sedimentary basin / Bassin sédimentaire du Lac Tchad,Cameroon,CMR,SSAF,9.57679322665999,14.6108848204127,12.3864706404994,6369.66417354497,NA,TRUE,0.000194252642425023,0,0.0215235182748112,0.000152900110348609,0,-0.426486590928395,NA,-0.586797011748236
44,AF052,Lake Chad sedimentary basin / Bassin sédimentaire du Lac Tchad,Niger,NER,SSAF,18.1785059283468,11.9836618554535,511.532434787949,446.18628397273,NA,TRUE,1.89767854322257e-05,0,0.0319221613182628,7.53195548356394e-06,0,-0.90776128870931,NA,-0.93480344176026
44,AF052,Lake Chad sedimentary basin / Bassin sédimentaire du Lac Tchad,Nigeria,NGA,SSAF,12.0089725199997,11.1546913761707,8.76003058595306,5468.20186532221,NA,TRUE,0.0020980079902395,0,0.354031580912605,0.000931342581451819,0,-0.17236350372184,NA,-0.162791473409929
44,AF052,Lake Chad sedimentary basin / Bassin sédimentaire du Lac Tchad,Sudan,SDN,SSAF,12.8342126486928,23.2470959759063,31.5243327348218,5781.60445614024,NA,TRUE,9.92153211276856e-06,0,0.00352493185777657,0,0,0.854279051015287,NA,0.847034075749395
44,AF052,Lake Chad sedimentary basin / Bassin sédimentaire du Lac Tchad,Chad,TCD,SSAF,14.6382493582874,18.5490868581997,194.729283482744,2419.53079463923,NA,TRUE,0.000722104215767336,0,0.00179747785613843,5.37824401356852e-07,4.31860711536374e-07,-0.321910072737686,NA,-0.563012390964316
312,AF054,Volta Basin,Benin,BEN,SSAF,10.9124283223778,1.28751590753813,4.52513773576147,8320.25125422124,NA,TRUE,3.98234868463298e-06,0,0.0585402086357289,0,0,0.926099519152863,NA,0.926099519152863
312,AF054,Volta Basin,Burkina Faso,BFA,SSAF,11.537136519269,1.55277648027198,7.70396249419528,8004.30488403241,NA,TRUE,0,0,0.000451560114061843,0,0,NA,NA,NA
312,AF054,Volta Basin,Ghana,GHA,SSAF,8.57190495807461,-0.758097476813162,34.8251552165846,6994.26297882874,NA,TRUE,0.000514256170496697,0,0.099179104655038,0,0,0.0554362192659715,NA,0.0310684077125128
312,AF054,Volta Basin,Niger,NER,SSAF,12.3591396910521,2.41715785064507,18.2021682944761,9991.26146206352,NA,TRUE,0,0,0,0,0,NA,NA,NA
312,AF054,Volta Basin,Togo,TGO,SSAF,10.3044967396138,0.532465587596409,9.08068971601169,6312.96474152993,NA,TRUE,0.000303212579043757,0,0.0320771076348933,0,0,0.23578802391483,NA,0.290746028050206
48,AF056,Système Aquifère des Iullemmeden / Iullemmeden Aquifer System,Algeria,DZA,MENA,20.2546814439626,5.47151244572315,846.322334387659,-1,NA,TRUE,0,0,0,0,0,NA,NA,NA
48,AF056,Système Aquifère des Iullemmeden / Iullemmeden Aquifer System,Benin,BEN,SSAF,10.9693728664847,2.43106797584923,9.10307212102514,7807.40731767609,NA,TRUE,0.00418200950020977,0,0.0865338512476075,0,0,0.22971749469423,NA,-0.553953108127957
48,AF056,Système Aquifère des Iullemmeden / Iullemmeden Aquifer System,Burkina Faso,BFA,SSAF,11.6817525950736,1.72082236178983,7.25253404846377,7583.82943242155,NA,TRUE,0,0,0.0003118701226281,0,0,NA,NA,NA
48,AF056,Système Aquifère des Iullemmeden / Iullemmeden Aquifer System,Mali,MLI,SSAF,17.1021751671282,2.38438406251792,558.786065169108,169.085944246893,NA,TRUE,0.000131578410086687,0,0.000434348751789986,1.4912658566063e-05,1.4912658566063e-05,0.297702875158641,NA,0.315166583042289
48,AF056,Système Aquifère des Iullemmeden / Iullemmeden Aquifer System,Niger,NER,SSAF,15.679741000744,5.47550475302992,168.489770461443,2937.66547023614,NA,TRUE,0.000139903748289165,0,0.110791242388742,3.9609067205221e-05,2.57245308724467e-05,-0.445816178097957,NA,-0.449590915592457
48,AF056,Système Aquifère des Iullemmeden / Iullemmeden Aquifer System,Nigeria,NGA,SSAF,12.4892718297261,4.98146088384634,8.0033575342367,7208.57709718045,NA,TRUE,0.00217054156788063,0,0.249339354161312,0.00107539686536807,4.36302376259435e-06,0.247419215128188,NA,0.255274576701402
223,AF058,Senegalo-Mauritanian Aquifer Basin (SMAB) / Bassin Aquifère Sénégalo-Mauritanien / Bacia Aquífera Senegalo-Mauritana (BASM),Western Sahara,ESH,SSAF,21.6734935439179,-16.616127163714,21.3150014528159,-0.603279990240523,NA,TRUE,0,0,0,0,0,NA,NA,NA
223,AF058,Senegalo-Mauritanian Aquifer Basin (SMAB) / Bassin Aquifère Sénégalo-Mauritanien / Bacia Aquífera Senegalo-Mauritana (BASM),"Gambia, The",GMB,SSAF,13.4528451552884,-15.3614435037531,0.262282760684883,6183.18956964599,NA,TRUE,0.000331577595277659,0,0.0281784979856932,0,0,0.167222510350176,NA,-0.037692676523168
223,AF058,Senegalo-Mauritanian Aquifer Basin (SMAB) / Bassin Aquifère Sénégalo-Mauritanien / Bacia Aquífera Senegalo-Mauritana (BASM),Guinea-Bissau,GNB,SSAF,12.2738490881918,-15.4582584387333,0.511347116119466,9357.70502451754,NA,TRUE,0.000113879098859388,0,0.00619102052971844,0,0,0.235888651569382,NA,0.243054567291421
223,AF058,Senegalo-Mauritanian Aquifer Basin (SMAB) / Bassin Aquifère Sénégalo-Mauritanien / Bacia Aquífera Senegalo-Mauritana (BASM),Mauritania,MRT,SSAF,18.2806185622461,-15.1144201139747,36.8459742464368,621.754985998419,NA,TRUE,0.000260286662140823,0,0.000602962626132737,0.000254915169583696,0.000238122556947949,-0.95086065487705,NA,-0.966935522715884
223,AF058,Senegalo-Mauritanian Aquifer Basin (SMAB) / Bassin Aquifère Sénégalo-Mauritanien / Bacia Aquífera Senegalo-Mauritana (BASM),Senegal,SEN,SSAF,14.6381066158969,-14.9857392211476,1.49829401090639,5518.54517905153,NA,TRUE,0.00147542213886717,0,0.0457083922295269,0.00126892635030839,9.14259607974823e-05,-0.616013330518114,NA,-0.64661910742074
392,AF063,Nubian Sandstone Aquifer System,Egypt,EGY,MENA,26.5160549414152,29.0502528075086,153.782366682314,90.1014953549872,NA,FALSE,0.0288377415408315,0.000459807393242391,0.031750406156419,0.0259849315744096,0.016147348887044,0.376918673603163,0.000290122978170659,0.375166449419847
392,AF063,Nubian Sandstone Aquifer System,Libya,LBY,MENA,26.6286930882951,21.1318999852446,108.420812414885,780.074824682341,NA,FALSE,0.000354647896084482,0.000331805813784737,0.00227452061356372,0.000275423321929566,0.000262111728689277,0.364882216266414,0.349644832328582,0.349644832328582
392,AF063,Nubian Sandstone Aquifer System,Sudan,SDN,SSAF,18.0509309636885,28.9876681539983,87.9691759668966,252.427379392281,NA,FALSE,0.0139193762781357,0,0.0234354494379712,0.0128126371737032,0.00803097923111016,0.1198091630219,NA,0.116601533009097
392,AF063,Nubian Sandstone Aquifer System,Chad,TCD,SSAF,18.9230042672314,21.141386164753,324.392627613677,1.27408724025467,NA,FALSE,0,0,0,0,0,0.840486906233564,NA,0.840589439186828
49,AF064,Taoudeni-Tanezrouft Aquifer System / Système Aquifère de Taoudéni-Tanezrouft,Algeria,DZA,MENA,23.4869505063141,0.212995942567876,400.91945981869,-0.777622242140539,NA,TRUE,0,0,0,0,0,NA,NA,NA
49,AF064,Taoudeni-Tanezrouft Aquifer System / Système Aquifère de Taoudéni-Tanezrouft,Burkina Faso,BFA,SSAF,12.480214763945,-3.68474730601573,5.9899471491992,7986.6791521459,NA,TRUE,0.000405001753855033,0,0.0547762924622862,3.70327848154133e-06,0,0.183373315176571,NA,0.210060664215089
49,AF064,Taoudeni-Tanezrouft Aquifer System / Système Aquifère de Taoudéni-Tanezrouft,Mali,MLI,SSAF,17.409642998943,-3.36845938275399,191.121567727408,2031.48678781194,NA,TRUE,0.000553155526248975,0,0.00809033377138151,0.000157137551190041,8.15135958487366e-05,-0.0229723337172407,NA,0.000789123615557941
49,AF064,Taoudeni-Tanezrouft Aquifer System / Système Aquifère de Taoudéni-Tanezrouft,Mauritania,MRT,SSAF,19.4804530935536,-7.30071191373242,752.214427401042,416.50373932606,NA,TRUE,0,0,0,0,0,NA,NA,NA
47,AF067,Système Aquifère de Mourzouk - Djado / Murzuk-Djado Aquifer System,Algeria,DZA,MENA,25.6188802043279,8.5529996186177,92.203512514023,-0.634701504416327,NA,FALSE,0,0,0,0,0,NA,NA,NA
47,AF067,Système Aquifère de Mourzouk - Djado / Murzuk-Djado Aquifer System,Libya,LBY,MENA,25.9538714914242,13.6261178258547,130.252494385253,-0.869478579212629,NA,FALSE,0.000549061043938828,0.000483935215893796,0.00110323647790546,0.000478289769801813,0.000466431724244312,0.460404433680584,0.481809842518723,0.481809842518723
47,AF067,Système Aquifère de Mourzouk - Djado / Murzuk-Djado Aquifer System,Niger,NER,SSAF,21.5172792100691,13.5625657247901,272.47425410944,-0.998344194372101,NA,FALSE,0,0,0,0,0,NA,NA,NA
47,AF067,Système Aquifère de Mourzouk - Djado / Murzuk-Djado Aquifer System,Chad,TCD,SSAF,19.8562130176938,16.9285582996066,238.96467336505,-0.997225598730681,NA,FALSE,0,0,0,0,0,0.825991155382345,NA,0.824644079817319
51,AF068,Système Aquifère de Tindouf,Algeria,DZA,MENA,28.2579903058421,-6.11881709779259,275.569715665173,-0.813721153121805,NA,FALSE,0,0,0,0,0,NA,NA,NA
51,AF068,Système Aquifère de Tindouf,Morocco,MAR,MENA,29.0384775985447,-8.54036894678358,63.8371843634756,1054.72220118714,NA,FALSE,0.000140071410706017,6.58990194400655e-05,0.000162958065725756,7.79954857152439e-05,7.38636258120129e-05,0.231714488296763,-0.27602540876312,0.202464288321887
51,AF068,Système Aquifère de Tindouf,Western Sahara,ESH,SSAF,26.7732624149014,-10.6088177008805,83.9523816414513,55.0333958518862,NA,FALSE,0,0,0,0,0,NA,NA,NA
51,AF068,Système Aquifère de Tindouf,Mauritania,MRT,SSAF,26.5139967774301,-9.40285938005197,134.92647587695,-0.774507769365768,NA,FALSE,0,0,0,0,0,NA,NA,NA
266,AF081,Aquífero sedimentar costeiro do Rio Congo / Aquifère Côtier,Angola,AGO,SSAF,-5.83391933793376,12.6363260537131,9.70175050094871,7188.0249840522,NA,TRUE,0,0,0,0,0,-0.49502508230827,NA,-0.635697231914809
266,AF081,Aquífero sedimentar costeiro do Rio Congo / Aquifère Côtier,"Congo, Dem Rep of the",COD,SSAF,-5.44456814553718,12.80443417216,19.1335267046606,6582.37720685193,NA,TRUE,0,0,0,0,0,NA,NA,NA
266,AF081,Aquífero sedimentar costeiro do Rio Congo / Aquifère Côtier,"Congo, Rep of the",COG,SSAF,-4.22451899424325,11.886028138576,6.45941635678343,8214.5815578576,NA,TRUE,0,0,0,0,0,NA,NA,NA
266,AF081,Aquífero sedimentar costeiro do Rio Congo / Aquifère Côtier,Gabon,GAB,SSAF,-3.48441175876319,11.3776993313353,49.0374329713221,6902.23919766627,NA,TRUE,0,0,0,0,0,NA,NA,NA
310,AF083,Aquifère du Rift / Rift Aquifer,Burundi,BDI,SSAF,-2.61835461728474,29.0645404347181,0,3816,NA,TRUE,0,0,0.0129313868719015,0,0,NA,NA,NA
310,AF083,Aquifère du Rift / Rift Aquifer,"Congo, Dem Rep of the",COD,SSAF,-0.62282403342217,29.525779772712,37.1241498148398,5608.1548313952,NA,TRUE,0.000122854977453268,0,0.00201220124569472,0,0,-0.557347016457691,NA,NA
310,AF083,Aquifère du Rift / Rift Aquifer,Rwanda,RWA,SSAF,-1.96835811224245,29.3235882899674,5.33456024661978,5439.19274018211,NA,TRUE,0,0,0.0280406487538411,0,0,NA,NA,NA
310,AF083,Aquifère du Rift / Rift Aquifer,Uganda,UGA,SSAF,1.41494241004783,30.8256502136116,27.2204897434335,6117.12402668647,NA,TRUE,1.22326318599525e-06,0,0.0306115792987323,0,0,0.336913134601109,NA,NA
120,AS123,Taurus-Zagros Mountain range,Turkey,TUR,EUCA,37.7728950711232,42.0657140085396,4.80333233647184,7439.08717575832,NA,TRUE,0.0261009242830993,0.0033895557547468,0.172905512972267,0.01713896111343,0,0.101672835268004,-0.231581170373233,0.129577890983287
120,AS123,Taurus-Zagros Mountain range,Iran,IRN,MENA,34.3322818840373,46.4817694602663,18.2866593897148,6656.7359994264,NA,TRUE,0.0217741718767146,0,0.0837555171901211,0.0136988307873732,0.00623074005533452,-0.0275386776869282,NA,-0.0315119930816972
120,AS123,Taurus-Zagros Mountain range,Iraq,IRQ,MENA,34.7553764265986,44.7567235938141,3.01459065566575,4527.56505937429,NA,TRUE,0.0481223032783094,1.19302439386286e-05,0.0784718209248794,0.0274562736420627,0.014763015157975,0.273312934332727,-0.967177198161671,0.275192397348883
120,AS123,Taurus-Zagros Mountain range,Syria,SYR,MENA,37.1004451203754,42.1881904134917,0,4667.24075851968,NA,TRUE,0.232853950485805,0.229182660955585,0.647474292069708,0.228712539329601,0,0.187582041242544,0.207931904866185,0.207792948743038
232,AS141,Umm er Radhuma-Dammam Aquifer System (South): Rub' al Khali,United Arab Emirates,ARE,MENA,23.2273423282339,54.2707184129229,77.5331943812335,18.0014194437621,NA,FALSE,0.00192015213199765,0.00186949225741776,0.00389267210140801,0.0018230244834454,0.0018230244834454,-0.0450134729619516,-0.0368974995708538,-0.0368974995708538
232,AS141,Umm er Radhuma-Dammam Aquifer System (South): Rub' al Khali,Oman,OMN,MENA,19.7164739389644,54.9074173124688,68.6842125234565,137.101480908335,NA,FALSE,2.63245128302125e-05,2.59552469592414e-05,7.34468238543505e-05,2.1427308018114e-05,2.1427308018114e-05,0.0782595545481138,-0.0183376855487449,-0.0183376855487449
232,AS141,Umm er Radhuma-Dammam Aquifer System (South): Rub' al Khali,Saudi Arabia,SAU,MENA,20.747260787987,51.6610828040609,476.019947277705,-0.99798486419418,NA,FALSE,0,0,0,0,0,NA,NA,NA
232,AS141,Umm er Radhuma-Dammam Aquifer System (South): Rub' al Khali,Yemen,YEM,MENA,16.6770020916641,50.0461136332741,85.4053572302376,486.789978820281,NA,FALSE,0.000127252738340844,0.000123696522731548,0.00037464037881865,8.56777221405598e-05,8.54488060526472e-05,0.328700793464492,0.335092970139222,0.335092970139222
63,AS158,Indo-Gangetic Basin alluvial aquifer system,Bangladesh,BGD,ASIA,24.0681559865124,89.9669770533856,5.60542891936032,6886.43591039927,NA,TRUE,0.238807662677548,0.210313348349412,0.453126141796203,0.193510144278549,0.0215801384516061,-0.0843516188421141,-0.10978602031476,-0.0878250772560709
63,AS158,Indo-Gangetic Basin alluvial aquifer system,India,IND,ASIA,27.1832238279389,82.4478666595847,1.2032093113589,8071.47724306531,NA,TRUE,0.512643566480113,0.405594691140148,0.619884968916147,0.421984135192575,0.232370401851176,0.0561617246097807,0.053468721666495,0.0615446882417006
63,AS158,Indo-Gangetic Basin alluvial aquifer system,Nepal,NPL,ASIA,27.434163895314,84.4191387174489,0.759663700279135,8412.46427256977,NA,TRUE,0.230172905232619,0.0433950224885036,0.349268169982263,0.168011871700915,0,-0.119867817321977,-0.330119534188137,-0.119873219264888
63,AS158,Indo-Gangetic Basin alluvial aquifer system,Pakistan,PAK,ASIA,29.2139025162777,70.7174560304271,8.65200063103108,3361.28897065767,NA,TRUE,0.444159187690368,0.154239841319361,0.508793653056657,0.376621175357895,0.29878940740222,-0.0531651639646569,-0.00412771553738978,-0.0495033964572555
74,EU073,Gori?ko Aquifer; Mura - Zala Basin / Radgona - Va? Aquifer; Kot Aquifer,Austria,AUT,EUCA,46.7907484173186,15.9197243866378,0,8122.21019759912,NA,TRUE,0.0103088186243284,0,0.143261037348524,0,0,-0.442464715474064,NA,-0.442464715474107
74,EU073,Gori?ko Aquifer; Mura - Zala Basin / Radgona - Va? Aquifer; Kot Aquifer,Croatia,HRV,EUCA,46.488758685719,16.4590910287402,0,8266.75339777141,NA,TRUE,0,0,0.114368935622851,0,0,NA,NA,NA
74,EU073,Gori?ko Aquifer; Mura - Zala Basin / Radgona - Va? Aquifer; Kot Aquifer,Hungary,HUN,EUCA,46.7263110249889,16.4626202605834,0,8736.9079789445,NA,TRUE,1.31690272059378e-06,0,0.093930789608682,0,0,NA,NA,NA
74,EU073,Gori?ko Aquifer; Mura - Zala Basin / Radgona - Va? Aquifer; Kot Aquifer,Slovenia,SVN,EUCA,46.6861535298383,16.2089256797165,0,8719.99234201403,NA,TRUE,0.00351837644252327,1.32959809998433e-06,0.159857472114801,0,0,0.453691367352968,-0.861639256564995,0.500215227039125
81,EU095 - EU098,Aquifers in Quaternary Deposits; Oxfordian-Cenomanian Carbonate-Terrigenous Aquifer; Mazursko-Podlaski Aquifer; Upper Cretaceous Aquifer,Belarus,BLR,EUCA,53.7835868030225,23.7167682096804,0,9875.43285759713,NA,TRUE,0.000637478386968029,0,0.154951586111506,0,0,0.840859075903317,NA,0.840859075903317
81,EU095 - EU098,Aquifers in Quaternary Deposits; Oxfordian-Cenomanian Carbonate-Terrigenous Aquifer; Mazursko-Podlaski Aquifer; Upper Cretaceous Aquifer,Lithuania,LTU,EUCA,54.6300861392317,23.2831800617786,0.227442633570978,8346.12000266704,NA,TRUE,0,0,0.119405929255523,0,0,NA,NA,NA
81,EU095 - EU098,Aquifers in Quaternary Deposits; Oxfordian-Cenomanian Carbonate-Terrigenous Aquifer; Mazursko-Podlaski Aquifer; Upper Cretaceous Aquifer,Poland,POL,EUCA,54.0966009128147,23.1084796904999,1.73293231012268,8210.81283608057,NA,TRUE,0,0,0.0683861946275097,0,0,0.223897988477284,NA,0.223897988477284
81,EU095 - EU098,Aquifers in Quaternary Deposits; Oxfordian-Cenomanian Carbonate-Terrigenous Aquifer; Mazursko-Podlaski Aquifer; Upper Cretaceous Aquifer,Russia,RUS,EUCA,54.8559510559295,22.1911701020049,1.77343483771229,9299.89943905062,NA,TRUE,1.75694280275136e-05,0,0.0759601184584676,0,0,0.0477254352448757,NA,0.0477254352448859
301,EU099,Daugava,Belarus,BLR,EUCA,55.6783789671782,28.9003889566219,0.187316942808941,9380.51453746615,NA,TRUE,0.000135220129570546,0,0.0006566716832466,0,0,0.0437794057021509,NA,0.00912988012242766
301,EU099,Daugava,Lithuania,LTU,EUCA,56.0814595330476,24.3739551588683,0.770935252202955,8426.18713772258,NA,TRUE,0,0,0.126825347093569,0,0,NA,NA,NA
301,EU099,Daugava,Latvia,LVA,EUCA,56.315938967977,25.0225737025014,0.915144104812879,8174.77979226375,NA,TRUE,0,0,0.0398057869836316,0,0,-0.912697149024532,NA,-0.912697149024532
301,EU099,Daugava,Russia,RUS,EUCA,56.0376505961478,29.4195406809552,4.46733594998041,9932.58303776984,NA,TRUE,0,0,0,0,0,NA,NA,NA
116,EU282,Upper Pannonian Thermal Aquifer,Austria,AUT,EUCA,47.5325724333641,16.6875075886649,0,7404.56297715858,NA,TRUE,0.0666662537426952,0.0637731106662066,0.367957389094501,0,0,0.205621471572808,0.260806597651597,0.205621471572806
116,EU282,Upper Pannonian Thermal Aquifer,Croatia,HRV,EUCA,46.5095308601089,16.414456187066,0,8146.62264150944,NA,TRUE,0,0,0.0208588527500317,0,0,-0.843138637679031,NA,NA
116,EU282,Upper Pannonian Thermal Aquifer,Hungary,HUN,EUCA,47.2390514770948,17.0622910290094,0,8759.66000444112,NA,TRUE,0.0112604555519784,0.00109120499318794,0.327788105471681,0,0,-0.347167124810764,-0.943357368160229,-0.35789578512002
116,EU282,Upper Pannonian Thermal Aquifer,Slovakia,SVK,EUCA,48.0898091893631,17.8591465076656,0,9468.71124510109,NA,TRUE,0.134658455715364,0.000971195677657589,0.522151053537031,0,0,0.0329545933260214,-0.920550659529242,0.0296870478613221
116,EU282,Upper Pannonian Thermal Aquifer,Slovenia,SVN,EUCA,46.614534582696,16.1380636931084,0,8773.49786201682,NA,TRUE,0.00395489952646629,9.5134636612672e-07,0.165665364531567,0,0,0.177820957809387,-0.906026645406567,0.29119427786196
53,S013,Amazonas,Bolivia,BOL,AMER,-14.8728875647906,-64.6751039809881,39.7889445709072,8030.27423123006,NA,TRUE,2.3080405994981e-05,0,3.04100532746682e-05,0,0,-0.305365323192172,NA,-0.333761255050308
53,S013,Amazonas,Brazil,BRA,AMER,-4.81090691949992,-63.7414893177827,433.057384508093,1465.40341743863,NA,TRUE,1.9697194262218e-08,0,0,0,0,0.320184861088528,0.574207683010058,0.4804224109095
53,S013,Amazonas,Colombia,COL,AMER,2.07704255291075,-71.813557617226,292.118848344221,2344.80324702516,NA,TRUE,3.4171228702968e-05,0,0,0,0,0.830180516920701,NA,0.832174855526362
53,S013,Amazonas,Ecuador,ECU,AMER,-1.15913117503508,-76.6876372810136,68.0190400374322,3560.5014604633,NA,TRUE,0,0,0,0,0,NA,NA,NA
53,S013,Amazonas,Peru,PER,AMER,-6.2819725849008,-73.4745632564191,324.916987264006,3370.47216807298,NA,TRUE,0,0,0,0,0,0.684946142175697,0.651263877558187,0.697010738218975
53,S013,Amazonas,Venezuela,VEN,AMER,8.31921380195053,-66.6244063032276,33.2255171459518,6427.66082676606,NA,TRUE,0.00163334823405802,0,0.0124959897944232,0.00151290173201064,0,0.190507127224958,NA,0.194544257189191
387,S021,Sistema Aquífero / Sistema Acuífero Guaraní,Argentina,ARG,AMER,-28.1583632379733,-58.4335889101566,3.23665571330706,8027.5485349664,NA,TRUE,0.00035317155337867,0.000103555093795426,0.0144722104723094,0,0,-0.388277051497989,-0.531820779513744,-0.357263577870819
387,S021,Sistema Aquífero / Sistema Acuífero Guaraní,Brazil,BRA,AMER,-23.4348677143916,-52.1743002983876,5.46954333164916,7259.488668836,NA,TRUE,0.00480845625428017,0.000476285569266328,0.0472713519424977,0,0,0.071160087557106,0.572956360501659,0.0821478197007026
387,S021,Sistema Aquífero / Sistema Acuífero Guaraní,Paraguay,PRY,AMER,-25.3487071315855,-56.0049300688278,13.1319055196411,8226.94541278821,NA,TRUE,0.000870363136788939,0,0.000434874189907408,0,0,0.166563503588717,NA,0.181773113239597
387,S021,Sistema Aquífero / Sistema Acuífero Guaraní,Uruguay,URY,AMER,-31.3374414052342,-56.8578987975311,0.115499654534903,5444.19173811508,NA,TRUE,0.000337242098500616,0,0.00342488419839906,0,0,-0.0924043801477521,NA,-0.0879593681111503
389,S022,Sistema Aquífero / Sistema Acuífero Arapey / Serra Geral,Argentina,ARG,AMER,-28.0548565666174,-55.7832511006127,2.23793376897781,7701.80826412729,NA,TRUE,0.000245007270211454,0.000226891670948162,0.00239262196821489,0,0,-0.282247914796071,-0.162495553905983,-0.255312434017795
389,S022,Sistema Aquífero / Sistema Acuífero Arapey / Serra Geral,Brazil,BRA,AMER,-26.2581647150335,-52.358873875286,3.3564914594835,7087.49444899288,NA,TRUE,0.00792747149795188,3.33504548128461e-05,0.07398951377851,0,0,0.0203878536799885,-0.170379603262678,0.0316311949676225
389,S022,Sistema Aquífero / Sistema Acuífero Arapey / Serra Geral,Paraguay,PRY,AMER,-25.689297284278,-55.0736877485486,4.61551286190158,8989.55083899374,NA,TRUE,0.00182114490135789,0,0,0,0,0.0194010785160289,NA,0.0557191882573603
389,S022,Sistema Aquífero / Sistema Acuífero Arapey / Serra Geral,Uruguay,URY,AMER,-31.5558747123147,-56.8396089093451,0.120365494143952,4544.7210606986,NA,TRUE,0.000318252938667309,0,0.00141805173210538,0,0,-0.314112415196493,NA,-0.310678472152813
