"HYBAS_ID","area_km2","name","aq_id","dist_km","lev"
4020050470,590570.392057823,"China",462,775.904933284795,2
